CE_ID,CE_Name,Rarity,CE_Summon
1,Tenacity,1-Star,Friend
2,Meditation,1-Star,Friend
3,Technique,1-Star,Friend
4,Preemption,1-Star,Friend
5,Destruction,1-Star,Friend
6,Flash,2-Star,Friend
7,Pleasant Chance,2-Star,Friend
8,Plentiful Harvest,2-Star,Friend
9,Concentration,2-Star,Friend
10,Divine Oracle,2-Star,Friend
11,Azoth Blade,3-Star,Friend
12,False Attendant's Writings,3-Star,Friend
13,The Blue Black Keys,3-Star,Friend
14,The Green Black Keys,3-Star,Friend
15,The Red Black Keys,3-Star,Friend
16,Rin's Pendant,3-Star,Friend
17,Spell Tome,3-Star,Friend
18,Ley Line,3-Star,Friend
19,Magic Crystal,3-Star,Friend
20,Dragonkind,3-Star,Friend
21,Iron-Willed Training,4-Star,Unavaliable
22,Primeval Curse,4-Star,Unavaliable
23,Projection,4-Star,Unavaliable
24,Gandr,4-Star,Unavaliable
25,Verdant Sound of Destruction,4-Star,Unavaliable
26,Gem Magecraft: Antumbra,4-Star,Unavaliable
27,Be Elegant,4-Star,Unavaliable
28,Imaginary Number Magecraft,4-Star,Unavaliable
29,Divine Banquet,4-Star,Unavaliable
30,Angel's Song,4-Star,Unavaliable
31,Formal Craft,5-Star,Non-Limited
32,Imaginary Around,5-Star,Non-Limited
33,Limited/Zero Over,5-Star,Non-Limited
34,Kaleidoscope,5-Star,Non-Limited
35,Heaven's Feel,5-Star,Non-Limited
36,Beginning of the Journey,4-Star,LimitedMisc
37,Parted Sea,3-Star,Friend
38,Sealing Designation Enforcer,4-Star,Unavaliable
39,Holy Shroud of Magdalene,4-Star,Unavaliable
40,Prisma Cosmos,5-Star,Non-Limited
41,Nightless Rose,5-Star,Event
42,Mooncell Automaton,3-Star,Friend
43,Moony Jewel,4-Star,Limited
44,Bath of the Lunar Goddess,5-Star,Limited
45,Moonlight Festival,5-Star,Event
46,Runestone,3-Star,Friend
47,With One Strike,4-Star,Unavaliable
48,The Black Grail,5-Star,Non-Limited
49,Jack o'Lantern,3-Star,Limited
50,Trick or Treat,3-Star,Event
51,Halloween Arrangement,4-Star,Limited
52,Halloween Princess,5-Star,Event
53,Halloween Petite Devil,5-Star,Limited
54,Maid in Halloween,5-Star,Event
55,And So The Ship Conquers,3-Star,Friend
56,Code Cast,4-Star,Unavaliable
57,Victor of the Moon,5-Star,Non-Limited
58,Another Ending,5-Star,Non-Limited
59,Fate GUDAGUDA Order,3-Star,Limited
60,Launch Order!,4-Star,Limited
61,Gudao,5-Star,Event
62,GUDAGUDA Poster Girl,5-Star,Limited
63,Craft Essence EXP Card: Okita,3-Star,Misc
64,Craft Essence EXP Card: Nobbu,4-Star,Misc
65,Demon Boar,3-Star,Friend
66,Knight's Pride,4-Star,Unavaliable
67,Fragments of 2030,5-Star,Non-Limited
68,Lightning Reindeer,3-Star,Limited
69,March of the Saints,4-Star,Limited
70,Present for My Master,5-Star,Limited
71,Holy Night Sign,5-Star,Event
72,Clock Tower,3-Star,Friend
73,Necromancy,4-Star,Non-Limited
74,Awakened Will,4-Star,Non-Limited
75,500 Years Dedication,5-Star,Non-Limited
76,Peacefulness of 2016,3-Star,Limited
77,Heroic New Year,4-Star,Limited
78,Law of the Jungle,3-Star,Misc
79,Grand New Year,5-Star,Limited
80,Mona Lisa,5-Star,Misc
81,Happy x3 Order,4-Star,Event
82,Purely Bloom,5-Star,Event
83,Star of Artoria,5-Star,Event
84,Trueshot,3-Star,Limited
85,Mikotto! Bride Training,4-Star,Limited
86,Land of Shadow's Crimson Lotus,5-Star,Limited
87,Craft Essence EXP Card: Mysterious Substance ?,4-Star,Misc
88,Craft Essence EXP Card: Mysterious Substance ?,3-Star,Misc
89,Ry?d? Temple,3-Star,Non-Limited
90,Magic Meter,3-Star,Friend
91,Elixir of Love,3-Star,Non-Limited
92,Storch Ritter,3-Star,Friend
93,Hermitage,3-Star,Friend
94,Motored Cuirassier,3-Star,Friend
95,Stuffed Lion,3-Star,Friend
96,Lugh's Halo,3-Star,Friend
97,Vessel of the Saint,5-Star,Non-Limited
98,Golden Millennium Tree,4-Star,Non-Limited
99,Heroic Spirit Portrait: Mashu Kyrielight,4-Star,Misc
100,Heroic Spirit Portrait: Artoria Pendragon,4-Star,Misc
101,Heroic Spirit Portrait: Jeanne d'Arc,4-Star,Misc
102,Heroic Spirit Portrait: Altera,4-Star,Misc
103,Heroic Spirit Portrait: Arjuna,4-Star,Misc
104,Heroic Spirit Portrait: Scáthach,4-Star,Misc
105,Heroic Spirit Portrait: Ushiwakamaru,4-Star,Misc
106,Heroic Spirit Portrait: Henry Jekyll & Hyde,4-Star,Misc
107,Heroic Spirit Portrait: Mephistopheles,4-Star,Misc
108,Heroic Spirit Portrait: Darius III,4-Star,Misc
109,Valentine Dojo of Tears,3-Star,Limited
110,Kitchen ? Patissiere,4-Star,Limited
111,Street Choco-Maid,5-Star,Limited
112,Melty Sweetheart,5-Star,Event
113,Chaldea Standard,4-Star,Event
114,Crown Saber,4-Star,Event
115,Crown Saber Morgan,4-Star,Event
116,Ranch Chocolate,4-Star,Event
117,Imperial Chocolate,4-Star,Event
118,Enrober Photon,4-Star,Event
119,Maxim de Chevalier,4-Star,Event
120,Victory Rose,4-Star,Event
121,Yatsuhashi Chocolate,4-Star,Event
122,Strawberry and Thunder Crunch Chocolate,4-Star,Event
123,May Breeze,4-Star,Event
124,Apple Arrow Chocolate,4-Star,Event
125,Snake Chocolate (Low Effort),4-Star,Event
126,HELP,4-Star,Event
127,Inevitable Chocolate,4-Star,Event
128,Octo Octo Maiden,4-Star,Event
129,Bitter Pitch Black,4-Star,Event
130,World's End White,4-Star,Event
131,Crystallized Wisdom Chocolate,4-Star,Event
132,Brand Chocolate,4-Star,Event
133,Choco-Flavored Usumidori,4-Star,Event
134,Royal White Steed,4-Star,Event
135,Homemade Cookies and Object X,4-Star,Event
136,Mug Bonbon,4-Star,Event
137,Treasure Chocolate,4-Star,Event
138,Christmas Memories,4-Star,Event
139,Merry?Merry,4-Star,Event
140,Pumpkin Maiden,4-Star,Event
141,Chocolat Jewel,4-Star,Event
142,Ninefold Nested Confections,4-Star,Event
143,Powder Sugar Snow Tale,4-Star,Event
144,Snake Chocolate (with Love),4-Star,Event
145,Knife Chocolate Bitter,4-Star,Event
146,From Java With Love,4-Star,Event
147,Blood Ruby Chocolate,4-Star,Event
148,To Mom,4-Star,Event
149,Du Stallion Chocolate,4-Star,Event
150,Kiyohime in Ribbons,4-Star,Event
151,Wonderful Life,4-Star,Event
152,Hexagon Chocobolt,4-Star,Event
153,St. Orleans,4-Star,Event
154,Decapitating Bunny 2016,5-Star,Event
155,Mature Gentleman,5-Star,Limited
156,Grand Puppeteer,5-Star,Limited
157,Threefold Barrier,5-Star,Event
158,Vivid Dance of Fists,4-Star,Limited
159,Mystic Eyes of Distortion,4-Star,Limited
160,Summer's Futuresight,4-Star,Event
161,Refrain,4-Star,Event
162,Sprinter,3-Star,Limited
163,Repeat Magic,3-Star,Limited
164,Craft Essence EXP Card: Kuji Kanesada,3-Star,Misc
165,Kiss Your Hand,5-Star,Limited
166,Teacher and I,5-Star,Limited
167,Versus,5-Star,Limited
168,Four Beasts in the Moonlight,4-Star,Limited
169,Glass Full Sweet Time,4-Star,Limited
170,Salon de Marie,3-Star,Limited
171,Prince of Slayer,3-Star,Limited
172,Noisy Obsession,4-Star,Limited
173,Last Encore,4-Star,Event
174,Heaven's Feel,4-Star,Non-Limited
175,Ideal Holy King,5-Star,Non-Limited
176,Record Holder,4-Star,Non-Limited
177,Beast of Billows,3-Star,Friend
178,Personal Training,5-Star,Misc
179,School of Chaldea,5-Star,Event
180,Holy Maiden Leading Chaldea,5-Star,Event
181,The Merciless One,5-Star,Event
182,Art of the Poisonous Snake,4-Star,Non-Limited
183,Art of Death,4-Star,Non-Limited
184,Gentle Affection,4-Star,Non-Limited
185,Volumen Hydrargyrum,5-Star,Non-Limited
186,Young Maiden Ignorant of Love,4-Star,Non-Limited
187,Self Geass Scroll,3-Star,Friend
188,Before Awakening,5-Star,Non-Limited
189,His Rightful Place,5-Star,Event
190,Craft Essence EXP Card: Crest Worms,3-Star,Misc
191,Crown of the Star,4-Star,MaxBond
192,Relic of The King,4-Star,MaxBond
193,Triumph of the Impaling Lord,4-Star,MaxBond
194,Revelation from Heaven,4-Star,MaxBond
195,Memories of the Dragon,4-Star,MaxBond
196,Hunter of the Red Plains,4-Star,MaxBond
197,Castle of Snow,4-Star,MaxBond
198,Yggdrasil Tree,4-Star,MaxBond
199,Embrace of the Scorching Heat,4-Star,MaxBond
200,Worthless Jewels,4-Star,MaxBond
201,Eternal Solitude,4-Star,MaxBond
202,Gift from the Queen,4-Star,MaxBond
203,Elixir,4-Star,MaxBond
204,My Necklace,4-Star,MaxBond
205,The Staff He Gave Me,4-Star,MaxBond
206,Iron Maiden,4-Star,MaxBond
207,Cat Apron,4-Star,MaxBond
208,Thirst for Victory,4-Star,MaxBond
209,To My Dear Friend,4-Star,MaxBond
210,Holy Devotion,4-Star,MaxBond
211,The Wandering Tales of Shana-oh,5-Star,Event
212,Golden Carp Figure,5-Star,Event
213,Fox's Night Dream,5-Star,Limited
214,A Verse of Burning Love Story,4-Star,Limited
215,Reading The Subscription List,3-Star,Limited
216,Key of the King's Law,4-Star,MaxBond
217,Golden Glass,4-Star,MaxBond
218,Thunderous Applause,4-Star,MaxBond
219,Das Rheingold,4-Star,MaxBond
220,Glitter of the Goddess,4-Star,MaxBond
221,Voyage of the Flowers,4-Star,MaxBond
222,Ark of the Covenant,4-Star,MaxBond
223,Door to Babylon,4-Star,MaxBond
224,Blood-Sucking Axe,4-Star,MaxBond
225,Insurrection,4-Star,MaxBond
226,Go West!!,5-Star,Limited
227,The Three Great Heroes,5-Star,Event
228,True Samadhi Fire,4-Star,Limited
229,All Three Forms,3-Star,Limited
230,Tri-Star Belt,4-Star,MaxBond
231,Golden Rudder,4-Star,MaxBond
232,Helmet of the Black Knight,4-Star,MaxBond
233,The Golden Apple,4-Star,MaxBond
234,Holy Pumpkin Grail,4-Star,MaxBond
235,Rotary Matchlock,4-Star,MaxBond
236,Llamrei Unit II,4-Star,MaxBond
237,Things to Calm the Heart,4-Star,MaxBond
238,The Glory of the Past,4-Star,MaxBond
239,Heaven Among the Mountains,4-Star,MaxBond
240,Divine Princess of The Storm,5-Star,Event
241,Ox-Demon King,5-Star,Event
242,Personal Lesson,5-Star,Misc
243,Bronze-Link Manipulator,3-Star,Non-Limited
244,Ath nGabla,3-Star,Non-Limited
245,Bygone Dreams,3-Star,Friend
246,Extremely Spicy Mapo Tofu,3-Star,Non-Limited
247,Jeweled Sword Zelretch,3-Star,Non-Limited
248,Tamamo's Fan Club,4-Star,MaxBond
249,Headband of Resolve,4-Star,MaxBond
250,Calico Jack,4-Star,MaxBond
251,Gazing Upon Dún Scáith,4-Star,MaxBond
252,Shooting Star of Prophecy,4-Star,MaxBond
253,Hecate's Staff,4-Star,MaxBond
254,Shapeless Island,4-Star,MaxBond
255,Cask of Wise Man,4-Star,MaxBond
256,Shaytan's Arm,4-Star,MaxBond
257,Ariadne's Thread,4-Star,MaxBond
258,Dumplings Over Flowers,5-Star,Limited
259,The Faithful Dog Who Waits,4-Star,Limited
260,Hidden Blade - Pheasant Reversal,3-Star,Limited
261,Golden Sumo Wrestling ~Rocky Arena~,5-Star,Limited
262,Hot Spring of the Moon,5-Star,Event
263,Origin Bullet,5-Star,Non-Limited
264,Covering Fire,4-Star,Non-Limited
265,Battle of Camlann,3-Star,Non-Limited
266,Who Am I,4-Star,MaxBond
267,The Misty Night of London,4-Star,MaxBond
268,Wonderland,4-Star,MaxBond
269,No Face May King,4-Star,MaxBond
270,Usumidori,4-Star,MaxBond
271,Propiety to The Nine Dukes,4-Star,MaxBond
272,Heaven Scorcher Halberd,4-Star,MaxBond
273,What Can Be Left Behind,4-Star,MaxBond
274,Hot Gate,4-Star,MaxBond
275,Haydn Quartets,4-Star,MaxBond
276,Anniversary Heroines,4-Star,Event
277,Leisurely Strolling,5-Star,Limited
278,Participation of the King,5-Star,Limited
279,Goldfish Scooping,4-Star,Limited
280,Fire Flower,3-Star,Limited
281,Hand of Lightning,4-Star,MaxBond
282,Hero of the Endowed,4-Star,MaxBond
283,Lamp of the Unfortunate,4-Star,MaxBond
284,Procedure to Humanity,4-Star,MaxBond
285,Black Helmet,4-Star,MaxBond
286,Commentarii de Bello Gallico,4-Star,MaxBond
287,Rome,4-Star,MaxBond
288,Encounter at Goj? ?hashi,4-Star,MaxBond
289,Desecrated Mask of Death,4-Star,MaxBond
290,Really Convenient,4-Star,MaxBond
291,Pirates Party!,5-Star,Limited
292,Summer Time Mistress,5-Star,Event
293,Twilight Memory,4-Star,Limited
294,Shiny Goddess,3-Star,Limited
295,Knights of Marines,5-Star,Limited
296,Chaldea Lifesavers,5-Star,Event
297,Meat Wars,4-Star,Limited
298,Void's Refuse Shaved Ice,3-Star,Limited
299,Annihilation List,4-Star,MaxBond
300,Imperishable Flames,4-Star,MaxBond
301,Ring of Bay Laurel,4-Star,MaxBond
302,Final Battle,4-Star,MaxBond
303,Salmon of Knowledge,4-Star,MaxBond
304,Prelati's Spellbook,4-Star,MaxBond
305,Parasitic Bomb,4-Star,MaxBond
306,Surge of the Warrior,4-Star,MaxBond
307,My Loathsome Life,4-Star,MaxBond
308,Love is Not Here,4-Star,MaxBond
309,Azure Magical Girl,5-Star,Limited
310,Kill on Sight,4-Star,Limited
311,Zunga Zunga!,3-Star,Limited
312,Kaleid Ruby,4-Star,Event
313,Kaleid Sapphire,4-Star,Event
314,Craft Essence EXP Card: Magical Ruby,3-Star,Misc
315,Mugashiki - Shink? My?u,4-Star,MaxBond
316,Amakusa Shir?'s Rally Flag,4-Star,MaxBond
317,Château d'If,4-Star,MaxBond
318,Infinite Pancakes,4-Star,MaxBond
319,Red Jacket,4-Star,MaxBond
320,Otherworldly Mystical Horse,4-Star,MaxBond
321,Letter From a Friend,4-Star,MaxBond
322,Hound of Culann,4-Star,MaxBond
323,Glitter of the Goddess,4-Star,MaxBond
324,Hero's Arms,4-Star,MaxBond
325,Glory Is With Me,5-Star,Limited
326,Legion of Pioneers,4-Star,Limited
327,Howling to the Moonlight,3-Star,Limited
328,Princess of the White Rose,5-Star,Event
329,Joint Recital,5-Star,Event
330,Chaldea Lunchtime,5-Star,Misc
331,Fragarach,3-Star,Non-Limited
332,Celestial Inverted Moon,3-Star,Non-Limited
333,Hydra Dagger,3-Star,Non-Limited
334,Indomitableness,4-Star,MaxBond
335,One-Man War,4-Star,MaxBond
336,Sacred Spring,4-Star,MaxBond
337,Indestructible Blade,4-Star,MaxBond
338,Concealed Goddess,4-Star,MaxBond
339,Lights of Civilization,4-Star,MaxBond
340,Reaching the Zenith of My Skill,4-Star,MaxBond
341,Knight's Oath,4-Star,MaxBond
342,Elemental,4-Star,MaxBond
343,True Difference Engine,4-Star,MaxBond
344,Dangerous Beast,5-Star,Limited
345,Witch of Moonlit Night,4-Star,Limited
346,Count Romani Archaman's Hospitality,3-Star,Limited
347,Heroine Eli-chan's Adventure,5-Star,Event
348,Wizard & Priest,4-Star,Event
349,Mata Hari's Tavern,3-Star,Event
350,Hell of Blazing Punishment,4-Star,MaxBond
351,Gordian Knot,4-Star,MaxBond
352,Bai Long,4-Star,MaxBond
353,Where the Sun Cannot Reach,4-Star,MaxBond
354,Dress of Heaven,4-Star,MaxBond
355,Manifestation of the Golden Rule,4-Star,MaxBond
356,Spirits of This Land,4-Star,MaxBond
357,Extolling The Revolver,4-Star,MaxBond
358,Library of Hundred Men,4-Star,MaxBond
359,Last Splinter,4-Star,MaxBond
360,Fate/EXTELLA,4-Star,Event
361,Spiritron Portrait: Nero Claudius,4-Star,Misc
362,Spiritron Portrait: Nameless,4-Star,Misc
363,Spiritron Portrait: Tamamo no Mae,4-Star,Misc
364,Spiritron Portrait: Karna,4-Star,Misc
365,Spiritron Portrait: Altera,4-Star,Misc
366,Spiritron Portrait: Gilgamesh,4-Star,Misc
367,Shinpen Kidoku Sake,4-Star,MaxBond
368,D?jigiri Yasutsuna,4-Star,MaxBond
369,Ramesseum,4-Star,MaxBond
370,Bone Sword (Nameless),4-Star,MaxBond
371,Unit Golden Bear,4-Star,MaxBond
372,Gringolet,4-Star,MaxBond
373,A Single Lie,4-Star,MaxBond
374,Unused Royal Authority,4-Star,MaxBond
375,Oni's Mask,4-Star,MaxBond
376,Cook Despite of Exhaustion,4-Star,MaxBond
377,King's Horse,4-Star,MaxBond
378,"Universal Wisdom, Root of Intellect",4-Star,MaxBond
379,Sunset Beach,4-Star,MaxBond
380,Lady of the Lake,4-Star,MaxBond
381,Reminiscence of the Summer,4-Star,MaxBond
382,Taking a Bath!,4-Star,MaxBond
383,Prydwen,4-Star,MaxBond
384,Beach Love Letter (Terror),4-Star,MaxBond
385,My Long Lost Right Arm,4-Star,MaxBond
386,Proof of Existence,4-Star,MaxBond
387,A Moment of Silence,5-Star,Limited
388,Holy Night of Learning,4-Star,
389,Saint's Invitation,3-Star,Limited
390,Holy Night Dinner,5-Star,Event
391,Champion Cup,4-Star,MaxBond
392,Phantasmal Summoning (Install),4-Star,MaxBond
393,Serpent of Fate,4-Star,MaxBond
394,Holy Knuckle,4-Star,MaxBond
395,Minimal Prudence,4-Star,MaxBond
396,Sharing of Pain,4-Star,MaxBond
397,Creed at the Bottom of the Earth,4-Star,MaxBond
398,Invitation to Halloween,4-Star,MaxBond
399,First Order,4-Star,Misc
400,Demonic Bodhisattva,5-Star,Non-Limited
401,Room Guarder,4-Star,Non-Limited
402,Miracle Investigator,3-Star,Friend
403,Seven-Headed Warhammer Sita,4-Star,MaxBond
404,Flower of Humbaba,4-Star,MaxBond
405,Piedra Del Sol,4-Star,MaxBond
406,Door To The Ocean,4-Star,MaxBond
407,Dup Shimati,4-Star,MaxBond
408,Chrysaor,4-Star,MaxBond
409,Impossible Tomorrow,4-Star,MaxBond
410,Primeval Flame,4-Star,MaxBond
411,The Furthest Tower,4-Star,MaxBond
412,First Sunrise,5-Star,Limited
413,Firing The First Arrow,4-Star,Limited
414,One Flew Over the Cuckoo's Nest,3-Star,Misc
415,Cheers To 2017,4-Star,Event
416,Buddhism of Emptiness,4-Star,MaxBond
417,The Rift of the Valley,4-Star,MaxBond
418,Reality Marble,3-Star,Non-Limited
419,Elixir of Rejuvenation,3-Star,Non-Limited
420,Mystery Masks,3-Star,Non-Limited
421,Cute Orangette,5-Star,Limited
422,Chocolatier,5-Star,Limited
423,Choco Angel,4-Star,Limited
424,Bitter Black,4-Star,Limited
425,Blessful Time,3-Star,Limited
426,Victor's Complacency,3-Star,Limited
427,Sweet Crystal,5-Star,Event
428,Fondant au Chocolat,5-Star,Event
429,Dark Knight-Kun,4-Star,MaxBond
430,High Class Wagashi,4-Star,Event
431,Special Dango,4-Star,Event
432,You can be a Dragon Too! Set,4-Star,Event
433,A Little Fun with You,4-Star,Event
434,Bananas (Approved by Hanuman),4-Star,Event
435,O Noble Flower of Hope,4-Star,Event
436,The Ally of Skin,4-Star,Event
437,Legendary Orb Choco,4-Star,Event
438,Caesar-styled Cena,4-Star,Event
439,Jeanne Fan Club Set,4-Star,Event
440,I Prepared a Room for Us,4-Star,Event
441,Silver Box,4-Star,Event
442,Lapis Lazuli Bracelet,4-Star,Event
443,Konb? (BBQ Flavour),4-Star,Event
444,Alternating Current-Style Lightning Cookies,4-Star,Event
445,An Arrow Towards Karna,4-Star,Event
446,Blue Sky Vanilla Mt.,4-Star,Event
447,Jewel-Cut Stars,4-Star,Event
448,You can Still Learn Housework Starting Now Set,4-Star,Event
449,Best Of Tristan,4-Star,Event
450,Just an Ordinary (?) Chocolate,4-Star,Event
451,Return Me with a Kiss,4-Star,Event
452,Nameless Souvenir Coins,4-Star,Event
453,Love to Abishag,4-Star,Event
454,Exciting Splash VIP Ticket,4-Star,Event
455,Silver Bullet,4-Star,Event
456,Until We Reach the Ultimate Tastiness,4-Star,Event
457,Chickpea Paste and…,4-Star,Event
458,Sunset Earrings,4-Star,Event
459,World End Castle,4-Star,Event
460,Chocolate Driver,4-Star,Event
461,White Flower,4-Star,Event
462,Red Flower,4-Star,Event
463,DHA,4-Star,Event
464,Tie Guan Yin Tea (?),4-Star,Event
465,Just Some Ordinary Chocolates,4-Star,Event
466,Carnivore Carnival,4-Star,Event
467,Heart Choco Bitter Bitter Bitter,4-Star,Event
468,Egg Choco,4-Star,Event
469,Runestone Choco,4-Star,Event
470,Vestiges of Year 1999,4-Star,Event
471,Pax Romana,4-Star,Event
472,Trojan Horse (Palm-Sized),4-Star,Event
473,White Roses of Gratitude,4-Star,Event
474,Cocoa Beans,4-Star,Event
475,Blank Temple Solicitation Book (with Benkei's Autograph),4-Star,Event
476,Iron Marshmallows,4-Star,Event
477,Honey Choco with Medb-chan's Stamp,4-Star,Event
478,Hero's Cup,4-Star,Event
479,Sphinx Awlad,4-Star,Event
480,Liberación Xocolatl,4-Star,Event
481,Hippogriff Plushie (1/1),4-Star,Event
482,Cute Rabbit Choco,4-Star,Event
483,Rider Belt Replica,4-Star,Event
484,S Thunder Crunch Choco Sticks,4-Star,Event
485,Reading Ilias,4-Star,Event
486,Mane of Bayard,4-Star,Event
487,Secret Stash Treasure Album,4-Star,Event
488,Cigar & Wine,4-Star,Event
489,Pan Tao Peach Compote,4-Star,Event
490,Baast-Nyan Model X,4-Star,Event
491,Flawless Chocolate,4-Star,Event
492,Handmade Chocolate of Affection,4-Star,Event
493,Fou-kun Puppet,4-Star,Event
494,UFO,4-Star,Event
495,Direct Current-Style Grateful Cookies,4-Star,Event
496,Mama's Trump Card,4-Star,Event
497,Blessings of the Nile,4-Star,Event
498,Montblanc au Chocolat,4-Star,Event
499,Evenings by the Euphrates,4-Star,Event
500,Gilles-kun Doll,4-Star,Event
501,Ticking-kun,4-Star,Event
502,Druid's Staff,4-Star,Event
503,The Illusion I Saw Once,4-Star,Event
504,Everything Originates From Mathematics,4-Star,Event
505,Geronimo-styled Moccasins,4-Star,Event
506,A Bluebird-Like Computer Mouse,4-Star,Event
507,155th Sonnet,4-Star,Event
508,Toy Piano,4-Star,Event
509,Nectar Bonbon,4-Star,Event
510,Al-Bukhour,4-Star,Event
511,Crimson and White Choco,4-Star,Event
512,Gun and Bullets,4-Star,Event
513,Bitter Taste Summer,4-Star,Event
514,Super Nile Flowers,4-Star,Event
515,Handmade Riceball,4-Star,Event
516,Bag of 100 Pieces of Chocolate,4-Star,Event
517,Manj? from F?ma Confectionery,4-Star,Event
518,Black Black Kiss,4-Star,Event
519,Multi-Purpose Cloth Hassan,4-Star,Event
520,Sanson's Nutritious Chocolate Drink,4-Star,Event
521,White Deathmask,4-Star,Event
522,Full Moon,4-Star,Event
523,Golden Gold Set,4-Star,Event
524,Scapegoat,4-Star,Event
525,First-Aid Kit,4-Star,Event
526,Mini Cú-chan,4-Star,Event
527,Finest Genji Kashiwamochi,4-Star,Event
528,Mysterious Hot Cocoa X,4-Star,Event
529,Wild Boar Prized Headgear,4-Star,Event
530,Someone's Sword,4-Star,Event
531,Sweden Firedrake Char-Grilled Sirloin,4-Star,Event
532,Sweet Things,4-Star,Event
533,Celebration Decorations,4-Star,Event
534,Fil Gaugamela,4-Star,Event
535,"Si Vales, Valeo",4-Star,Event
536,A Letter of Appreciation From Her,4-Star,Event
537,The First Step to Rebellion,4-Star,Event
538,Labyrinth Map,4-Star,Event
539,Church-Styled Handmade Cookies,4-Star,Event
540,Saintess' Tranquility,4-Star,Event
541,Freshly Brewed Coffee,4-Star,Event
542,Self-Destruct Choco with Massive Explosion,4-Star,Event
543,Egg Choco (Duplicates),4-Star,Event
544,Devil's Bandana,4-Star,Event
545,Freelancer,3-Star,Friend
546,The Dynamics of an Asteroid,4-Star,MaxBond
547,Kansh? & Bakuya (Handguns),4-Star,MaxBond
548,Beyond the Wilderness,4-Star,MaxBond
549,108 Stars of Destiny,4-Star,MaxBond
550,Talk of The Hot Sands,5-Star,Limited
551,Detective Edmond ~Spring Equinox Travelogue~,5-Star,Limited
552,As You Wish,5-Star,Limited
553,Cafe Camelot,4-Star,Limited
554,Outrage,4-Star,Limited
555,Operation Fionna,4-Star,Limited
556,Quatre Feuilles,3-Star,Limited
557,Neverland,3-Star,Limited
558,La Siesta,3-Star,Limited
559,Garden,4-Star,MaxBond
560,Demon King of the Sixth Heaven,5-Star,Limited
561,Castle of the Sun,5-Star,Event
562,Wolves of Mibu,5-Star,Event
563,Walking in the Spring Breeze,4-Star,Limited
564,Belle of Society,3-Star,Limited
565,Craft Essence EXP Card: GUDAGUDA Meiji Ishin,4-Star,Misc
566,Craft Essence EXP Card: GUDAGUDA Welcome,3-Star,Misc
567,Haori of the Vow,4-Star,MaxBond
568,Adzuki Beanbag,4-Star,MaxBond
569,Our Conquest on The Ocean of Stars,5-Star,Limited
570,Someday in Summer,5-Star,Event
571,Tsukimihara Student Council,4-Star,Limited
572,First Premonition,4-Star,Event
573,The Cage,3-Star,Limited
574,Craft Essence EXP Card: BB Shot!,4-Star,Misc
575,The Radiant One,4-Star,MaxBond
576,Don't Avert Your Eyes Away From Me,4-Star,MaxBond
577,A Passerby's Dream,4-Star,MaxBond
578,Tenma's Spring Training,4-Star,MaxBond
579,Dream From The Cradle,4-Star,MaxBond
580,Church of Rubble,3-Star,Non-Limited
581,Armless Shinji-kun,3-Star,Non-Limited
582,Atlas Academy,3-Star,Non-Limited
583,Fate/Apocrypha,4-Star,Misc
584,FGO THE STAGE,4-Star,Misc
585,Phantasmal Species,3-Star,Non-Limited
586,King Shahryar's Chambers,4-Star,MaxBond
587,Palace of Luoyang,4-Star,MaxBond
588,Military Sash of the War God,4-Star,MaxBond
589,La Niña,4-Star,MaxBond
590,Chaldea Anniversary,5-Star,Limited
591,Afternoon Party,4-Star,Limited
592,Starlight Fest,3-Star,Limited
593,Learn With Manga! FGO,4-Star,Misc
594,Heroic Spirit Formal Dress: Mashu Kyrielight,4-Star,Heroic_Spirit
595,Heroic Spirit Formal Dress: Artoria Pendragon,4-Star,Heroic_Spirit
596,Heroic Spirit Formal Dress: Altera,4-Star,Heroic_Spirit
597,Heroic Spirit Formal Dress: Mordred,4-Star,Heroic_Spirit
598,Heroic Spirit Formal Dress: Arthur Pendragon,4-Star,Heroic_Spirit
599,Heroic Spirit Formal Dress: Nero Claudius,4-Star,Heroic_Spirit
600,Heroic Spirit Formal Dress: Chevalier d'Eon,4-Star,Heroic_Spirit
601,Heroic Spirit Formal Dress: Lancelot,4-Star,Heroic_Spirit
602,Heroic Spirit Formal Dress: Caesar,4-Star,Heroic_Spirit
603,Heroic Spirit Formal Dress: Bedivere,4-Star,Heroic_Spirit
604,Heroic Spirit Formal Dress: Arjuna,4-Star,Heroic_Spirit
605,Heroic Spirit Formal Dress: Ishtar,4-Star,Heroic_Spirit
606,Heroic Spirit Formal Dress: EMIYA,4-Star,Heroic_Spirit
607,Heroic Spirit Formal Dress: Atalanta,4-Star,Heroic_Spirit
608,Heroic Spirit Formal Dress: Euryale,4-Star,Heroic_Spirit
609,Heroic Spirit Formal Dress: Scáthach,4-Star,Heroic_Spirit
610,Heroic Spirit Formal Dress: Karna,4-Star,Heroic_Spirit
611,Heroic Spirit Formal Dress: Artoria Pendragon,4-Star,Heroic_Spirit
612,Heroic Spirit Formal Dress: Artoria Pendragon,4-Star,Heroic_Spirit
613,Heroic Spirit Formal Dress: Romulus,4-Star,Heroic_Spirit
614,Heroic Spirit Formal Dress: Medusa,4-Star,Heroic_Spirit
615,Heroic Spirit Formal Dress: Jaguar Man,4-Star,Heroic_Spirit
616,Heroic Spirit Formal Dress: Queen Medb,4-Star,Heroic_Spirit
617,Heroic Spirit Formal Dress: Quetzalcoatl,4-Star,Heroic_Spirit
618,Heroic Spirit Formal Dress: Marie Antoinette,4-Star,Heroic_Spirit
619,Heroic Spirit Formal Dress: Ushiwakamaru,4-Star,Heroic_Spirit
620,Heroic Spirit Formal Dress: Boudica,4-Star,Heroic_Spirit
621,Heroic Spirit Formal Dress: Edward Teach,4-Star,Heroic_Spirit
622,Heroic Spirit Formal Dress: Leonardo Da Vinci,4-Star,Heroic_Spirit
623,Heroic Spirit Formal Dress: Nitocris,4-Star,Heroic_Spirit
624,Heroic Spirit Formal Dress: Gilgamesh,4-Star,Heroic_Spirit
625,Heroic Spirit Formal Dress: Cú Chulainn,4-Star,Heroic_Spirit
626,Heroic Spirit Formal Dress: Mephistopheles,4-Star,Heroic_Spirit
627,Heroic Spirit Formal Dress: Amadeus,4-Star,Heroic_Spirit
628,Heroic Spirit Formal Dress: Assassin of Nightless City,4-Star,Heroic_Spirit
629,Heroic Spirit Formal Dress: Hassan of the Cursed Arm,4-Star,Heroic_Spirit
630,Heroic Spirit Formal Dress: Vlad III,4-Star,Heroic_Spirit
631,Heroic Spirit Formal Dress: Sakata Kintoki,4-Star,Heroic_Spirit
632,Heroic Spirit Formal Dress: Nightingale,4-Star,Heroic_Spirit
633,Heroic Spirit Formal Dress: Cú Chulainn,4-Star,Heroic_Spirit
634,Heroic Spirit Formal Dress: Heracles,4-Star,Heroic_Spirit
635,Heroic Spirit Formal Dress: Frankenstein,4-Star,Heroic_Spirit
636,Heroic Spirit Formal Dress: Berserker of El Dorado,4-Star,Heroic_Spirit
637,Heroic Spirit Formal Dress: Kiyohime,4-Star,Heroic_Spirit
638,Heroic Spirit Formal Dress: Asterios,4-Star,Heroic_Spirit
639,Heroic Spirit Formal Dress: Jeanne d'Arc,4-Star,Heroic_Spirit
640,Heroic Spirit Formal Dress: Sherlock Holmes,4-Star,Heroic_Spirit
641,Frontier,4-Star,MaxBond
642,The Vaunted One,4-Star,MaxBond
643,Summer Little,5-Star,Limited
644,White Cruising,4-Star,Limited
645,Sugar Vacation,3-Star,Limited
646,Seaside Luxury,5-Star,Event
647,Domus Aurea de Curcubeu Mare,4-Star,MaxBond
648,Handy-Bandages,4-Star,MaxBond
649,A Gift From Ra,4-Star,MaxBond
650,Tenka Fubu ~2017 Summer.ver~,4-Star,MaxBond
651,Champion's Cup of the Goddess,4-Star,MaxBond
652,Midsummer Moment,5-Star,Limited
653,King Joker Jack,4-Star,Limited
654,Chaldea Beach Volleyball,3-Star,Limited
655,Dive to Blue,5-Star,Event
656,Mop of Selection,4-Star,MaxBond
657,NYARF!,4-Star,MaxBond
658,Ky?goku,4-Star,MaxBond
659,Prisma?Illya Oath Under The Snow,4-Star,Misc
660,Battle Olympia,5-Star,Limited
661,Divine Three-Legged Race,5-Star,Event
662,Cheer for Master,5-Star,Event
663,Food Colosseum,4-Star,Limited
664,Muscle Cavalier,3-Star,Limited
665,Replica; Agateram,4-Star,Misc
666,Beyond A Wish,5-Star,Limited
667,Battle Companion,4-Star,Limited
668,Traces of Dreams,3-Star,Limited
669,Urvara Nandi,4-Star,MaxBond
670,Heroic Spirit Costume: Medusa,4-Star,Misc
671,Heroic Spirit Costume: Leonardo da Vinci,4-Star,Misc
672,Heroic Spirit Costume: Jeanne d'Arc,4-Star,Misc
673,Heroic Spirit Costume: Nero Claudius,4-Star,Misc
674,Divine Construct,3-Star,
675,"Thoughts, Through Three Incarnations",4-Star,MaxBond
676,Nine Celestial Moons,4-Star,MaxBond
677,J?monji Yari,4-Star,MaxBond
678,Double-Tiered Kasa,4-Star,MaxBond
679,Danz?'s Ox,4-Star,MaxBond
680,Trick or Treatment,5-Star,Limited
681,Phantom Night,4-Star,Limited
682,From Wonderland,3-Star,Limited
683,Aerial Drive,5-Star,Event
684,Golden Wings,4-Star,Event
685,Nostalgic Form,3-Star,Event
686,Princess' Origami,4-Star,MaxBond
687,Electrologica Diagram,4-Star,MaxBond
688,Guardian Gigantic,4-Star,MaxBond
689,"A Prayer for the Sword, A Wish for Life",4-Star,Misc
690,FGO VR Mashu Kyrielight,4-Star,Misc
691,Spirit Eater,3-Star,Non-Limited
692,Falcon Witch's Banquet,4-Star,MaxBond
693,Universe Ring,4-Star,MaxBond
694,Tributes to King Solomon,4-Star,MaxBond
695,Rosarium de Clavis Argenteus,4-Star,MaxBond
696,Starry Nights,5-Star,Limited
697,Party Time,4-Star,Limited
698,Snow Pirates,3-Star,Limited
699,Merry Sheep,5-Star,Event
700,Blooming Flowers in Kur,4-Star,MaxBond
701,The Rainbow Soaring Under the Night Sky,4-Star,MaxBond
702,MOONLIGHT/LOSTROOM,4-Star,Misc
703,Himuro no Tenchi ~7-nin no Saiky? Ijin-hen~,4-Star,Event
704,New Beginning,5-Star,Limited
705,Avalon Celebrate,4-Star,Limited
706,Happiness is Like a Warm Puppy,3-Star,Misc
707,Although Its Scent Still Lingers On,4-Star,Event
708,Craft Essence EXP Card: Space Dog,4-Star,Misc
709,The Dragon of Smoke Escaping from Mount Fuji,4-Star,MaxBond
710,Comicalize Project,4-Star,Misc
711,Dress for Demons,5-Star,Event
712,Fate/EXTRA,4-Star,Misc
713,Pharaoh Chocolatl,5-Star,Limited
714,First Valentine's,4-Star,Limited
715,Witches' Kitchen,3-Star,Limited
716,Sweet Days,5-Star,Event
717,Ambiguous Chalice,4-Star,MaxBond
718,Wicked Scriptures,4-Star,Event
719,Save Wire,4-Star,Event
720,Advance Apace,4-Star,Event
721,Meteoric Iron Folding Fan,4-Star,Event
722,Macaroni au Gratin,4-Star,Event
723,Vice-Commander's Carefully Made Powder Medicine,4-Star,Event
724,Nichirin Oshiruko,4-Star,Event
725,Sugar-Coaxed Tale,4-Star,Event
726,Imperial Chocolate Vase,4-Star,Event
727,Chunk of Chocolate with Growing Thorns,4-Star,Event
728,Standing Hard-Boiled Eggs,4-Star,Event
729,Melty Heart,4-Star,Event
730,Sessh?in's First-Class Ohagi,4-Star,Event
731,P Pudding à la Mode,4-Star,Event
732,Sweet Devil Slot,4-Star,Event
733,Premium Snack,4-Star,Event
734,A Study in Scarlet,4-Star,Event
735,My Favourite Pancake,4-Star,Event
736,Ultra-Beautiful Empress Choco,4-Star,Event
737,Ishtar's Arc de Triomphe de l'Étoile Rice Cakes,4-Star,Event
738,Heroic Spirit Chocolate Sticks,4-Star,Event
739,Steam Electrical Choco,4-Star,Event
740,Cool-Mint Chocolate Bullet,4-Star,Event
741,Burning Inevitable Chocolate,4-Star,Event
742,Best Student Choco-Tart,4-Star,Event
743,Chocolettes,4-Star,Event
744,Buddhist Cuisine,4-Star,Event
745,"Manj? from F?ma Confectionery, Revised",4-Star,Event
746,Western-Styled Zenzai,4-Star,Event
747,Broiled Sweet Chestnut Chocolate,4-Star,Event
748,Antiquated Maple Bridge,4-Star,Event
749,Chocolate Nandi (1/1 Scale),4-Star,Event
750,Is It Bad to be Normal?,4-Star,Event
751,Receiver,4-Star,Event
752,Seatbelt,4-Star,Event
753,Chocolate Key,4-Star,Event
754,Pink Piglet,4-Star,Event
755,"Bittersweet, Temperance and Lies",4-Star,Event
756,How Many Lotus Lovers Out There?,4-Star,Event
757,Holy Night White Cake,4-Star,Event
758,Sweet Home of Kur,4-Star,Event
759,Choco-Choco Octopus (I Guess)?,4-Star,Event
760,Chocolates of Perfidy,4-Star,Event
761,Stranger Almond,4-Star,Event
762,Summer's Rain,4-Star,MaxBond
763,The Pharaoh's Great Winter Thanksgiving Festival,4-Star,Misc
764,Star of Camelot,5-Star,Limited
765,Detective Edmond ~Foreign Nation Infiltration Arc~,5-Star,Limited
766,Gâteau au Chocolat,4-Star,Limited
767,The Sun and Gold Gamblers,4-Star,Limited
768,Chaldea Special Investigation Unit,4-Star,Limited
769,Welcome Diner,3-Star,Limited
770,The Musketeers,3-Star,Limited
771,"You, After the Rain",3-Star,Limited
772,Spring is Not Far Behind,4-Star,Event
773,Basking Under the Sunlight,5-Star,Non-Limited
774,The Final Narrator,4-Star,Non-Limited
775,Light of Intellect,3-Star,Friend
776,Heretical Yaga,4-Star,ETC
777,Conflict,1-Star,Friend
778,Catena,1-Star,Friend
779,Divided,1-Star,Friend
780,Awakening,1-Star,Friend
781,Famine,1-Star,Friend
782,Compassion,2-Star,Friend
783,Prosperity,2-Star,Friend
784,Deception,2-Star,Friend
785,Conformity,2-Star,Friend
786,Somber,2-Star,Friend
787,OTMA,4-Star,MaxBond
788,Pelt of the Calydonian Boar,4-Star,MaxBond
789,Certain Truth and Death,4-Star,MaxBond
790,Wildfire Blade,4-Star,MaxBond
791,Library of Ivan IV,4-Star,MaxBond
792,A Pilgrimage To The Other Side,5-Star,Limited
793,The Moment of Peace,4-Star,Limited
794,Let's Depart!,3-Star,Limited
795,Afternoon In The Citadel,5-Star,Event
796,Heading Towards Trifas,5-Star,Event
797,Craft Essence EXP Card: A Flower of Fran,4-Star,Misc
798,The Object That Can Hold A Universe,4-Star,MaxBond
799,The Purpose of Learning and Teaching,4-Star,MaxBond
800,Nameless Death,4-Star,MaxBond
801,Escape from the Baker Street,4-Star,Misc
802,Fate/EXTELLA LINK,4-Star,Misc
803,Imperial Capital Holy Grail War,5-Star,Limited
804,Sakamoto Detective Bureau,4-Star,Limited
805,Fang-Sharpening Shadow Blade,3-Star,Limited
806,Miss Sailor in White Uniform,5-Star,Event
807,Craft Essence EXP Card: GUDAGUDA Majin-san,4-Star,Misc
808,Craft Essence EXP Card: GUDAGUDA Tosa D?mei,3-Star,Misc
809,The Extremity of Endlessness,4-Star,MaxBond
810,The Sky on that Day,4-Star,MaxBond
811,An Incident on a Certain Mountain,4-Star,MaxBond
812,Legends and Truth,4-Star,MaxBond
813,The Infant of Atlas,5-Star,Non-Limited
814,Sweeper,4-Star,Non-Limited
815,Sakura's Custom-Made Bento,3-Star,Non-Limited
816,Maiden of a Flower Patio,4-Star,ETC
817,True - Congealed Wisdom,4-Star,MaxBond
818,Shield of Divine Iron,4-Star,MaxBond
819,Heroic Spirit Traveling Outfit: Archer Inferno,4-Star,Heroic_Spirit
820,Heroic Spirit Traveling Outfit: Asterios,4-Star,Heroic_Spirit
821,Heroic Spirit Traveling Outfit: Atalanta,4-Star,Heroic_Spirit
822,Heroic Spirit Traveling Outfit: Abigail Williams,4-Star,Heroic_Spirit
823,Heroic Spirit Traveling Outfit: Amadeus,4-Star,Heroic_Spirit
824,Heroic Spirit Traveling Outfit: Arjuna,4-Star,Heroic_Spirit
825,Heroic Spirit Traveling Outfit: Altera,4-Star,Heroic_Spirit
826,Heroic Spirit Traveling Outfit: Artoria Pendragon,4-Star,Heroic_Spirit
827,Heroic Spirit Traveling Outfit: Artoria Pendragon,4-Star,Heroic_Spirit
828,Heroic Spirit Traveling Outfit: Antonio Salieri,4-Star,Heroic_Spirit
829,Heroic Spirit Traveling Outfit: Ereshkigal,4-Star,Heroic_Spirit
830,Heroic Spirit Traveling Outfit: Caster of Okeanos,4-Star,Heroic_Spirit
831,Heroic Spirit Traveling Outfit: Osakabehime,4-Star,Heroic_Spirit
832,Heroic Spirit Traveling Outfit: Carmilla,4-Star,Heroic_Spirit
833,Heroic Spirit Traveling Outfit: Katsushika Hokusai,4-Star,Heroic_Spirit
834,Heroic Spirit Traveling Outfit: Karna,4-Star,Heroic_Spirit
835,Heroic Spirit Traveling Outfit: Kiyohime,4-Star,Heroic_Spirit
836,Heroic Spirit Traveling Outfit: Xuanzang Sanzang,4-Star,Heroic_Spirit
837,Heroic Spirit Traveling Outfit: Sasaki Kojir?,4-Star,Heroic_Spirit
838,Heroic Spirit Traveling Outfit: Sanson,4-Star,Heroic_Spirit
839,Heroic Spirit Traveling Outfit: Sherlock Holmes,4-Star,Heroic_Spirit
840,Heroic Spirit Traveling Outfit: Assassin of Shinjuku,4-Star,Heroic_Spirit
841,Heroic Spirit Traveling Outfit: Shinmen Musashi no Kami Fujiwara no Harunobu,4-Star,Heroic_Spirit
842,Heroic Spirit Traveling Outfit: Scáthach,4-Star,Heroic_Spirit
843,Heroic Spirit Traveling Outfit: Suzuka Gozen,4-Star,Heroic_Spirit
844,Heroic Spirit Traveling Outfit: David,4-Star,Heroic_Spirit
845,Heroic Spirit Traveling Outfit: Tamamo no Mae,4-Star,Heroic_Spirit
846,Heroic Spirit Traveling Outfit: Nightingale,4-Star,Heroic_Spirit
847,Heroic Spirit Traveling Outfit: Mysterious Heroine X,4-Star,Heroic_Spirit
848,Heroic Spirit Traveling Outfit: Nezha,4-Star,Heroic_Spirit
849,Heroic Spirit Traveling Outfit: Nero Claudius,4-Star,Heroic_Spirit
850,Heroic Spirit Traveling Outfit: Brynhildr,4-Star,Heroic_Spirit
851,Heroic Spirit Traveling Outfit: Paul Bunyan,4-Star,Heroic_Spirit
852,Heroic Spirit Traveling Outfit: Merlin,4-Star,Heroic_Spirit
853,Heroic Spirit Traveling Outfit: Mashu Kyrielight,4-Star,Heroic_Spirit
854,Heroic Spirit Traveling Outfit: Martha,4-Star,Heroic_Spirit
855,Heroic Spirit Traveling Outfit: Minamoto no Raik?,4-Star,Heroic_Spirit
856,Heroic Spirit Traveling Outfit: Yagy? Tajima no Kami Munenori,4-Star,Heroic_Spirit
857,Heroic Spirit Traveling Outfit: Leonardo Da Vinci,4-Star,Heroic_Spirit
858,A Tale of Love and Hope,5-Star,Limited
859,Greatest Journey,4-Star,Limited
860,TEAM Phoenix,3-Star,Limited
861,Be Graceful,5-Star,Misc
862,The Love the Gods Bequeathed,4-Star,MaxBond
863,Fate/Grand Order Arcade,4-Star,Misc
864,Singularity F,4-Star,EventETCMisc
865,Emerald Float,5-Star,Limited
866,Hero on the Beach,5-Star,Limited
867,Storms and Waves,4-Star,Limited
868,Sunset Jam,4-Star,Limited
869,All Night Fever,3-Star,Limited
870,Writing High,3-Star,Limited
871,Painting Summer,5-Star,Event
872,Lady Foxy,5-Star,Event
873,Water Shine,5-Star,Event
874,Melancholy of the Theatrical Demon,4-Star,Misc
875,Little little bullet,4-Star,Misc
876,Our Round Table,4-Star,Misc
877,Curry x Rice,4-Star,Misc
878,Built Upper Martha,4-Star,Misc
879,Giant Babbage,4-Star,Misc
880,Mothers' Ears,4-Star,Misc
881,We Can't Summon!,4-Star,Misc
882,Miss Anastasia Who Loves Ramen,4-Star,Misc
883,I Want to Rip the Wicked & Villainous Daughter Apart!,4-Star,Misc
884,Bible of Shingon Tachikawa School,4-Star,Misc
885,Crossvikki Magician Girl and The Monster,4-Star,Misc
886,Sea Angel,4-Star,MaxBond
887,Great Fireworks of Mt. ?e,4-Star,MaxBond
888,Acting Like Tengu Set,4-Star,MaxBond
889,Crystals of Stacked Time,4-Star,MaxBond
890,Last Resort of the Abyss,4-Star,MaxBond
891,One Summer Album,4-Star,MaxBond
892,Memories of the Earth,4-Star,MaxBond
893,Fate/Grand Order Memories I,4-Star,Misc
894,Passion and Fury,4-Star,MaxBond
895,Destiny of Fighting Each Other,4-Star,EventETC
896,Gilgamesh in NY,5-Star,Limited
897,Shining Skyscrapers,4-Star,Limited
898,Show Time,3-Star,Limited
899,Return Match,5-Star,Event
900,C.K.T.,5-Star,Event
901,Craft Essence EXP Card: Dollar-Cent Shop,4-Star,Misc
902,Welcome to ONILAND!!,5-Star,Limited
903,Merely Red,4-Star,Limited
904,Ashigara Brothers,3-Star,Limited
905,Three Anglers,5-Star,Event
906,Royal Icing,5-Star,Event
907,Frozen War-Bear,5-Star,Event
908,Unforgettable One,4-Star,MaxBond
909,The Fate of the Magifender,4-Star,MaxBond
910,Chaldea Teatime,5-Star,Misc
911,The Dragon and the Dragon Swordsman,4-Star,ETC
912,Duke of Flames,5-Star,Non-Limited
913,Beyond the Horizon,4-Star,Non-Limited
914,Belle of the Upper Echelons,3-Star,Friend
915,The Phoenix is on the Vast Land,4-Star,ETC
916,Kuaiji Commandery-Styled Blueprint,4-Star,MaxBond
917,"My Mask, My Cup of Poisoned Alcohol",4-Star,MaxBond
918,Ashleaf Maple Wood,4-Star,MaxBond
919,Miniature of Epang Palace,4-Star,MaxBond
920,The Book that She is Reading,4-Star,MaxBond
921,Magnificent Manger,4-Star,MaxBond
922,Welcome to the Traveling Circus!,4-Star,Misc
923,Shvibzik Snow,5-Star,Limited
924,Ring the Bell,4-Star,Limited
925,Burning Live Seat,3-Star,Limited
926,Holy Maiden's Teaching,5-Star,Event
927,The Lovely Princess's Ring,4-Star,MaxBond
928,Feathered Serpent of the Holy Night,4-Star,MaxBond
929,New Year's Greetings,4-Star,Event
930,Craft Essence EXP Card: Boar King,4-Star,Misc
931,Sign of Smiling Face,5-Star,Limited
932,New Year Sacred Mysteries,4-Star,Limited
933,The Quiet & Reserved Pig,3-Star,Misc
934,Silver-Glittering Snow Goddesses,5-Star,Event
935,Vestiges Just Like the Spring,4-Star,MaxBond
936,Old and Strong,4-Star,MaxBond
937,Enuma Dingir,4-Star,Misc
938,Virtuous Pike and Shield,4-Star,Misc
939,Encounter in the Dark Night,4-Star,Misc
940,Pure Destruction,4-Star,Misc
941,Proof of Quickest,4-Star,Misc
942,Paradox Ace Killer,4-Star,Misc
943,Recollections of My Mother,4-Star,MaxBond
944,Bitter Sweet,5-Star,Limited
945,Valkyrie Style,4-Star,Limited
946,Memory of Qualia,3-Star,Limited
947,Beautiful Dreamer,5-Star,Event
948,Shin-Genji Monogatari Emaki,4-Star,MaxBond
949,Rainy Bridge,4-Star,Event
950,Viy (Standalone),4-Star,Event
951,Headlong Rush Chocolate,4-Star,Event
952,Chocolate-style Mini Golem,4-Star,Event
953,Reading a Book with my Beloved Child,4-Star,Event
954,Jet Black Conductor's Baton,4-Star,Event
955,Xanthos,4-Star,Event
956,Primary-Grade Conferment,4-Star,Event
957,Bedside Fafnir,4-Star,Event
958,Oden Chocolate,4-Star,Event
959,Cotton Muffler,4-Star,Event
960,Pocket Watch & Frog Chocolate,4-Star,Event
961,Military Rations (Canned),4-Star,Event
962,Glasses,4-Star,Event
963,Amethyst Candy,4-Star,Event
964,Ice Candy,4-Star,Event
965,White Dolphin Dream,4-Star,Event
966,Cotton Candy,4-Star,Event
967,Mt. Kurama's Delicacy: Aralia-shaped Manj?,4-Star,Event
968,Knoten Herz Schokolade,4-Star,Event
969,Master in The Chocolate,4-Star,Event
970,Dark Chocolate with Medb-chan Crest,4-Star,Event
971,Nebula Sweet,4-Star,Event
972,A Fruit from Emain Ablach,4-Star,Event
973,Snow-Viewing White Chocolate,4-Star,Event
974,Goh? Sh?jo Chocolate,4-Star,Event
975,Xiang Yu's Sword,4-Star,Event
976,Beauty-Concealing Mask,4-Star,Event
977,Panda,4-Star,Event
978,Elixir of Immortality,4-Star,Event
979,Chalcedony Chocolate,4-Star,Event
980,Up-to-Date Gifted Confectionery,4-Star,Event
981,Supreme Carrots,4-Star,Event
982,Hippo-chan,4-Star,Event
983,Campana de Lucha Libre Chocorata,4-Star,Event
984,Sweet-Toothed Sparrow's Wansanbon,4-Star,Event
985,Wooden Sword,4-Star,Event
986,Maiden's Chocolate Triple-Served,4-Star,Event
987,Picture Scroll Chocolate,4-Star,Event
988,Bella Lisa,5-Star,Misc
989,"These are, Both arms are full of...",4-Star,MaxBond
990,Detective Edmond ~True Mastermind Arc~,5-Star,Limited
991,Dance with Rounds,5-Star,Limited
992,Foresight and Profoundness,4-Star,Limited
993,Riot of Cherry Blossoms,4-Star,Limited
994,Mentor and I,4-Star,Limited
995,BAR-Troia,3-Star,Limited
996,Under the Knife,3-Star,Limited
997,Angel Breath,3-Star,Limited
998,Masquerade of the Vampire,3-Star,Limited
999,The Princesses' Pilgrimage,5-Star,Limited
1000,Resplendent Spring,4-Star,Limited
1001,Hikeshi Spirits,3-Star,Limited
1002,Gilding the Lily,5-Star,Event
1003,Floral Arrow,4-Star,MaxBond
1004,Escape from the Pyramid,4-Star,Misc
1005,Why done it,5-Star,Limited
1006,Prayer for Winter,4-Star,Limited
1007,El-Melloi's Lecture Hall,3-Star,Limited
1008,Annual General Meeting,5-Star,Event
1009,El-Melloi Tea-Time,4-Star,MaxBond
1010,Scale of the Stars,4-Star,MaxBond
1011,Grave Keeper's Treasure,4-Star,MaxBond
1012,Personal Coaching,5-Star,Misc
1013,"A Spear of an Aria, A Spear of a Clamour",4-Star,EventETC
1014,Sexy Pin-up,4-Star,Misc
1015,Twilight Holy King,5-Star,Non-Limited
1016,La Folia,4-Star,Non-Limited
1017,Day After,3-Star,Friend
1018,Family Portrait,4-Star,ETC
1019,At The Door Towards Gourmet Food,4-Star,MaxBond
1020,"The End, But Her Will Carries On",4-Star,MaxBond
1021,The Eulogized Shot,4-Star,MaxBond
1022,Sculpted Object,4-Star,MaxBond
1023,The One That I Couldn't Obtain,4-Star,MaxBond
1024,Serpent-Entwined Rod,4-Star,MaxBond
1025,Grace note,4-Star,Misc
1026,Rivalry of Local Warlords,5-Star,Limited
1027,God of War,4-Star,Limited
1028,Oni's Tea Ceremony,3-Star,Limited
1029,An Army Marches On Its Stomach,5-Star,Event
1030,Craft Essence EXP Card: GUDAGUDA Heavenly Demon King x3,4-Star,Misc
1031,Craft Essence EXP Card: Bishamonten is Here!,3-Star,Misc
1032,Beyond the Aeons,4-Star,MaxBond
1033,Will,4-Star,MaxBond
1034,T?hachi Bishamonten,4-Star,MaxBond
1035,Women of Agartha,4-Star,Misc
1036,Tournament of the Seven Blade-Master Heroic Spirits,4-Star,Misc
1037,Deep Sea Cyberbrain Paradise SE.RA.PH.,4-Star,Misc
1038,Heroic Spirit Festive Wear: Achilles,4-Star,Heroic_Spirit
1039,Heroic Spirit Festive Wear: Astraea,4-Star,Heroic_Spirit
1040,Heroic Spirit Festive Wear: Anastasia,4-Star,Heroic_Spirit
1041,Heroic Spirit Festive Wear: Abigail Williams,4-Star,Heroic_Spirit
1042,Heroic Spirit Festive Wear: Amadeus,4-Star,Heroic_Spirit
1043,Heroic Spirit Festive Wear: Arjuna,4-Star,Heroic_Spirit
1044,Heroic Spirit Festive Wear: Artoria Pendragon,4-Star,Heroic_Spirit
1045,Heroic Spirit Festive Wear: Andersen,4-Star,Heroic_Spirit
1046,Heroic Spirit Festive Wear: Antonio Salieri,4-Star,Heroic_Spirit
1047,Heroic Spirit Festive Wear: Ibaraki D?ji,4-Star,Heroic_Spirit
1048,Heroic Spirit Festive Wear: Ereshkigal,4-Star,Heroic_Spirit
1049,Heroic Spirit Festive Wear: Helena Blavatsky,4-Star,Heroic_Spirit
1050,Heroic Spirit Festive Wear: Yan Qing,4-Star,Heroic_Spirit
1051,Heroic Spirit Festive Wear: Okada Iz?,4-Star,Heroic_Spirit
1052,Heroic Spirit Festive Wear: Osakabehime,4-Star,Heroic_Spirit
1053,Heroic Spirit Festive Wear: Katsushika Hokusai,4-Star,Heroic_Spirit
1054,Heroic Spirit Festive Wear: Consort Yu,4-Star,Heroic_Spirit
1055,Heroic Spirit Festive Wear: Quetzalcoatl,4-Star,Heroic_Spirit
1056,Heroic Spirit Festive Wear: Sakamoto Ry?ma,4-Star,Heroic_Spirit
1057,Heroic Spirit Festive Wear: Sanson,4-Star,Heroic_Spirit
1058,Heroic Spirit Festive Wear: Shi Huang Di,4-Star,Heroic_Spirit
1059,Heroic Spirit Festive Wear: Sitonai,4-Star,Heroic_Spirit
1060,Heroic Spirit Festive Wear: Jeanne d'Arc,4-Star,Heroic_Spirit
1061,Heroic Spirit Festive Wear: Shuten D?ji,4-Star,Heroic_Spirit
1062,Heroic Spirit Festive Wear: Scáthach-Skaði,4-Star,Heroic_Spirit
1063,Heroic Spirit Festive Wear: Sessh?in Kiara,4-Star,Heroic_Spirit
1064,Heroic Spirit Festive Wear: Diarmuid Ua Duibhne,4-Star,Heroic_Spirit
1065,Heroic Spirit Festive Wear: Tomoe Gozen,4-Star,Heroic_Spirit
1066,Heroic Spirit Festive Wear: Mysterious Heroine XX,4-Star,Heroic_Spirit
1067,Heroic Spirit Festive Wear: Parvati,4-Star,Heroic_Spirit
1068,Heroic Spirit Festive Wear: Bradamante,4-Star,Heroic_Spirit
1069,Heroic Spirit Festive Wear: Bedivere,4-Star,Heroic_Spirit
1070,Heroic Spirit Festive Wear: Paul Bunyan,4-Star,Heroic_Spirit
1071,Heroic Spirit Festive Wear: Marie Antoinette,4-Star,Heroic_Spirit
1072,Heroic Spirit Festive Wear: Martha,4-Star,Heroic_Spirit
1073,Heroic Spirit Festive Wear: Mordred,4-Star,Heroic_Spirit
1074,Heroic Spirit Festive Wear: Lanling Wang,4-Star,Heroic_Spirit
1075,Heroic Spirit Festive Wear: Leonardo Da Vinci,4-Star,Heroic_Spirit
1076,Heroic Spirit Festive Wear: Robin Hood,4-Star,Heroic_Spirit
1077,Walk in the Park,5-Star,Limited
1078,Morning Glory,4-Star,Limited
1079,Sunday Dinner,3-Star,Limited
1080,Detective Fou-mes,5-Star,Misc
1081,Beautiful Journey,4-Star,MaxBond
1082,At Dream's End,4-Star,MaxBond
1083,Ought to Think Carefully,4-Star,MaxBond
1084,Ring of Metamorphosis,4-Star,MaxBond
1085,Pirates' Rule,4-Star,MaxBond
1086,Spring-Viewing,4-Star,MaxBond
1087,Angel's Assassination,4-Star,MaxBond
1088,Jokanaan's Head,4-Star,MaxBond
1089,Welcome Bunny,5-Star,Limited
1090,Purple Eye,4-Star,Limited
1091,Summer Enma-Tei,3-Star,Limited
1092,Poolside Bar,5-Star,Limited
1093,Ladies & Gentlemen,4-Star,Limited
1094,Yan Tan Tethera,3-Star,Limited
1095,Heavenly Demon Princess,5-Star,Event
1096,Midsummer Memories,5-Star,Event
1097,"Unforgettable Summer, Two Heavens as One Heart and Mind",4-Star,MaxBond
1098,The Setting Sun After a Battle,4-Star,MaxBond
1099,Iron Maiden (Summer),4-Star,MaxBond
1100,Chinsetsu Yumiharizuki,4-Star,MaxBond
1101,Golden Round Table Roulette,4-Star,MaxBond
1102,Solo Stage,4-Star,MaxBond
1103,Beyond the Azure Sky,4-Star,MaxBond
1104,Fate/Grand Order Memories II,4-Star,Misc
1105,Salem of the Heresy,4-Star,Misc
1106,Round and Round,5-Star,Limited
1107,Fly Off,4-Star,Limited
1108,From Uruk,3-Star,Limited
1109,Jewel Bride,5-Star,Event
1110,Scenic Beauty,5-Star,Event
1111,Absolute Demonic Battlefront Babylonia,4-Star,Misc
1112,Princess of Red Bean Paste,5-Star,Limited
1113,Planet Rock,4-Star,Limited
1114,To Pursue Literary and Military Arts Simultaneously,3-Star,Limited
1115,Twin Star Divas,5-Star,Event
1116,Bestia del Sol,5-Star,Event
1117,Craft Essence EXP Card: My First Curry,4-Star,Misc
1118,Craft Essence EXP Card: Mysterious Substance ?,3-Star,Misc
1119,Towards the Cosmos of Reunion,4-Star,MaxBond
1120,Cheerleader of Shooting Stars,4-Star,MaxBond
1121,Chaldea Dinnertime,5-Star,Misc
1122,And So the Holy Sword Shines,4-Star,Misc
1123,Maidens' Luncheon Party,5-Star,Limited
1124,Deliverers of Wishes,4-Star,Limited
1125,With My Family,3-Star,Limited
1126,Traces of Christmas,5-Star,Event
1127,Leaving Behind the Sword for a Moment,4-Star,MaxBond
1128,Merry Christmas,4-Star,MaxBond
1129,The One who Desires Salvation,5-Star,Non-Limited
1130,Dawn of an Ambition,4-Star,Non-Limited
1131,Noble Piece,3-Star,Friend
1132,Argonauts,4-Star,ETC
1133,Hunter of the Stars,4-Star,MaxBond
1134,"The Sword that Breaks, When the Battle Concludes",4-Star,MaxBond
1135,White Bull,4-Star,MaxBond
1136,Capsule Servant,4-Star,Misc
1137,Fate/stay night ?Réalta Nua?,4-Star,Misc
1138,Fate/stay night -Tracing 15 Years-,4-Star,Misc
1139,Chaldea Park Caravan,4-Star,Misc
1140,Knowing the Way Broadly,5-Star,Limited
1141,Clear Beginnings,4-Star,Limited
1142,We are Friends,3-Star,Misc
1143,Dancing Spinning Tops,4-Star,Event
1144,Craft Essence EXP Card: Cornered Rat,4-Star,Misc
1145,Purple Jade Flute,4-Star,MaxBond
1146,Those who Observe the Stars,4-Star,Misc
1147,Therapeutic Spa,5-Star,Event
1148,Shinjuku Phantom Incident,4-Star,Misc
1149,Gran Cavallo,5-Star,Misc
1150,Chocolate Heaven,5-Star,Limited
1151,Queen's Dream,4-Star,Limited
1152,Midnight Tension,3-Star,Limited
1153,Knit the Love,5-Star,Event
1154,Chaldea Picture Diary,4-Star,MaxBond
1155,Grand Chocolate,4-Star,Event
1156,Affectionate (Sneer) Choco,4-Star,Event
1157,Mercury Choco,4-Star,Event
1158,Stars and Wine Chocolate,4-Star,Event
1159,Fudge,4-Star,Event
1160,Premier Chocolate Cake,4-Star,Event
1161,Embodiment of Good Luck,4-Star,Event
1162,Beginner-Use Hunting Set,4-Star,Event
1163,An Ordinary Miraculous Stone,4-Star,Event
1164,Late Night Chat,4-Star,Event
1165,Medical-Use Choco,4-Star,Event
1166,Dried Persimmons,4-Star,Event
1167,Fool's Gourd,4-Star,Event
1168,A Short Rest with Tea Preparation,4-Star,Event
1169,Bishamonten Choco,4-Star,Event
1170,Chaldea New Order,4-Star,Event
1171,Miniature Argo,4-Star,Event
1172,Apollo Figure,4-Star,Event
1173,Choco Cupcake,4-Star,Event
1174,Peek-a-Bang Wigs,4-Star,Event
1175,Xia Dynasty's Universal Fountain Pen & Wooden Writing Strips,4-Star,Event
1176,Present for My Beloved Darling (You),4-Star,Event
1177,"From Salome, To You",4-Star,Event
1178,Parfait Demon Sword Buster,4-Star,Event
1179,Wagashi-Styled Choco + Letters,4-Star,Event
1180,Absolutely Not Stolen For You Choco,4-Star,Event
1181,Choco Choco Octopus Netsuke,4-Star,Event
1182,Chocolate Cake Bunny White,4-Star,Event
1183,Bluebird Jelly Ice,4-Star,Event
1184,Jet Choco Y?kan,4-Star,Event
1185,Space Diorama Choco,4-Star,Event
1186,SCB (Space Chocolate Bar),4-Star,Event
1187,Bunny Ears,4-Star,Event
1188,Springy Kagami Mochi Choco,4-Star,Event
1189,Chocolate-Flavoured Ampoule,4-Star,Event
1190,Tri-Star Belt (Handmade),4-Star,Event
1191,Durandal Replica,4-Star,Event
1192,Homemade Brownies and Hot-Milk,4-Star,Event
1193,Hua Qing Palace Confectionery Hot Springs Mantou,4-Star,Event
1194,Ito's Sweets,4-Star,Event
1195,Tropical Memoria,4-Star,Event
1196,Royal Travelling Incognito,5-Star,Limited
1197,Blue Illusion,5-Star,Limited
1198,Exclusive Tailor,4-Star,Limited
1199,Detective Edmond ~Embarking on a New Chapter Arc~,4-Star,Limited
1200,My Student Council,4-Star,Limited
1201,Superb Turbulent Times,3-Star,Limited
1202,Gods' Deal,3-Star,Limited
1203,Daddy Letters Live,3-Star,Limited
1204,Buzzer Beater,3-Star,Limited
1205,Symbol of Adventure,4-Star,MaxBond
1206,"A Graceful Heaven, A Magnanimous Earth",4-Star,Misc
1207,Witchcraft,5-Star,Non-Limited
1208,Rhythmic Verse,4-Star,Non-Limited
1209,Yggdmillennia's Pedigree,3-Star,Non-Limited
1210,Looking Towards Tomorrow Together,4-Star,ETC
1211,Starlight Sword and Discus,4-Star,MaxBond
1212,Sea God's Trident,4-Star,MaxBond
1213,Towards the Cosmos,4-Star,MaxBond
1214,Free Seating,5-Star,Misc
1215,Mission Start,5-Star,Limited
1216,Tournament Star,4-Star,Limited
1217,Mix Juice,3-Star,Limited
1218,Looking Up at the Starry Sky,5-Star,Event
1219,Titan IIIE Rocket,4-Star,MaxBond
1220,Sound of the Imperial Court's Koto,4-Star,MaxBond
1221,Caudron Simoun,4-Star,MaxBond
1222,Heroic Spirit Travel Journal: Atalanta,4-Star,Heroic_Spirit
1223,Heroic Spirit Travel Journal: Anastasia,4-Star,Heroic_Spirit
1224,Heroic Spirit Travel Journal: Abigail Williams,4-Star,Heroic_Spirit
1225,Heroic Spirit Travel Journal: Amakusa Shir?,4-Star,Heroic_Spirit
1226,Heroic Spirit Travel Journal: Artoria Pendragon,4-Star,Heroic_Spirit
1227,Heroic Spirit Travel Journal: Ishtar,4-Star,Heroic_Spirit
1228,Heroic Spirit Travel Journal: Ushiwakamaru and Musashib? Benkei,4-Star,Heroic_Spirit
1229,Heroic Spirit Travel Journal: Ereshkigal,4-Star,Heroic_Spirit
1230,Heroic Spirit Travel Journal: Yan Qing,4-Star,Heroic_Spirit
1231,Heroic Spirit Travel Journal: Okada Iz?,4-Star,Heroic_Spirit
1232,Heroic Spirit Travel Journal: Osakabehime,4-Star,Heroic_Spirit
1233,Heroic Spirit Travel Journal: Katsushika Hokusai,4-Star,Heroic_Spirit
1234,Heroic Spirit Travel Journal: Kat? Danz?,4-Star,Heroic_Spirit
1235,Heroic Spirit Travel Journal: Karna and Arjuna,4-Star,Heroic_Spirit
1236,Heroic Spirit Travel Journal: Kiyohime,4-Star,Heroic_Spirit
1237,Heroic Spirit Travel Journal: Kingprotea,4-Star,Heroic_Spirit
1238,Heroic Spirit Travel Journal: Cú Chulainn,4-Star,Heroic_Spirit
1239,Heroic Spirit Travel Journal: Consort Yu,4-Star,Heroic_Spirit
1240,Heroic Spirit Travel Journal: Georgios,4-Star,Heroic_Spirit
1241,Heroic Spirit Travel Journal: Xuanzang Sanzang,4-Star,Heroic_Spirit
1242,Heroic Spirit Travel Journal: Sasaki Kojir?,4-Star,Heroic_Spirit
1243,Heroic Spirit Travel Journal: Sigurd and Brynhildr,4-Star,Heroic_Spirit
1244,Heroic Spirit Travel Journal: Sherlock Holmes,4-Star,Heroic_Spirit
1245,Heroic Spirit Travel Journal: Jaguar Man,4-Star,Heroic_Spirit
1246,Heroic Spirit Travel Journal: Jack the Ripper,4-Star,Heroic_Spirit
1247,Heroic Spirit Travel Journal: Shuten D?ji,4-Star,Heroic_Spirit
1248,Heroic Spirit Travel Journal: Scáthach-Skaði,4-Star,Heroic_Spirit
1249,Heroic Spirit Travel Journal: Suzuka Gozen,4-Star,Heroic_Spirit
1250,Heroic Spirit Travel Journal: Sei Sh?nagon,4-Star,Heroic_Spirit
1251,Heroic Spirit Travel Journal: Mysterious Heroine X,4-Star,Heroic_Spirit
1252,Heroic Spirit Travel Journal: Nitocris,4-Star,Heroic_Spirit
1253,Heroic Spirit Travel Journal: F?ma Kotar?,4-Star,Heroic_Spirit
1254,Heroic Spirit Travel Journal: Frankenstein,4-Star,Heroic_Spirit
1255,Heroic Spirit Travel Journal: Bedivere,4-Star,Heroic_Spirit
1256,Heroic Spirit Travel Journal: Beni-Enma,4-Star,Heroic_Spirit
1257,Heroic Spirit Travel Journal: Heracles,4-Star,Heroic_Spirit
1258,Heroic Spirit Travel Journal: Paul Bunyan,4-Star,Heroic_Spirit
1259,Heroic Spirit Travel Journal: Merlin,4-Star,Heroic_Spirit
1260,Heroic Spirit Travel Journal: Mashu Kyrielight,4-Star,Heroic_Spirit
1261,Heroic Spirit Travel Journal: Marie Antoinette,4-Star,Heroic_Spirit
1262,Heroic Spirit Travel Journal: Martha,4-Star,Heroic_Spirit
1263,Heroic Spirit Travel Journal: Miyamoto Musashi,4-Star,Heroic_Spirit
1264,Heroic Spirit Travel Journal: Murasaki Shikibu,4-Star,Heroic_Spirit
1265,Heroic Spirit Travel Journal: Medusa,4-Star,Heroic_Spirit
1266,Heroic Spirit Travel Journal: Mori Nagayoshi,4-Star,Heroic_Spirit
1267,Heroic Spirit Travel Journal: Yagy? Tajima no Kami Munenori,4-Star,Heroic_Spirit
1268,Heroic Spirit Travel Journal: Lanling Wang,4-Star,Heroic_Spirit
1269,Heroic Spirit Travel Journal: Leonardo Da Vinci,4-Star,Heroic_Spirit
1270,Celebrate Memories,5-Star,Limited
1271,Brainstorming,4-Star,Limited
1272,Filler Flower,3-Star,Limited
1273,Idol Maker,5-Star,Misc
1274,The Promised Moment,4-Star,MaxBond
1275,Waltz in the MOONLIGHT,4-Star,Misc
1276,Ephemeral Silhouette,4-Star,Misc
1277,The Path I Saw in My Dreams,4-Star,Misc
1278,Seed of the Briar,4-Star,Misc
1279,Above the Heavens,4-Star,Misc
1280,Honey Lake,5-Star,Limited
1281,Happy?Drive,4-Star,Limited
1282,Horror Concierge,3-Star,Event
1283,Hide Hunter,5-Star,Event
1284,Chainsaw of the Dead,5-Star,Event
1285,Innocent Blue,5-Star,Limited
1286,Climbing Battle,4-Star,Limited
1287,Barbecue Buddies,3-Star,Limited
1288,Palm-Top Multistoried Building,4-Star,MaxBond
1289,Splatter Rainbow!,4-Star,MaxBond
1290,Summer Gift,4-Star,MaxBond
1291,Cuddling Up in Summer,4-Star,MaxBond
1292,Balloon Scimitar,4-Star,MaxBond
1293,Chaldea VR (Controllers Included),4-Star,MaxBond
1294,Recommended Books for Chaldean Summer,4-Star,MaxBond
1295,True Crimson Spear Trainer,5-Star,Limited
1296,Hell's Kitchen,4-Star,Limited
1297,Blue Sky Academy,3-Star,Limited
1298,Wearing Our Hearts on Our Sleeves,5-Star,Event
1299,Firefly's Flame of Integrity,5-Star,Limited
1300,A Sunny Day,4-Star,Limited
1301,Golden Prairie,3-Star,Limited
1302,Himiko's Leisure,5-Star,Event
1303,My Favourite Sheet,4-Star,MaxBond
1304,Memoir,4-Star,MaxBond
1305,Demon King's Tribute,4-Star,MaxBond
1306,Craft Essence EXP Card: Welcome to Yamatai-koku!,4-Star,Misc
1307,Craft Essence EXP Card: Fearless and Invincible,3-Star,Misc
1308,Mystery Treasure,5-Star,Limited
1309,Greatest Ocean,4-Star,Limited
1310,Colour Me True,3-Star,Limited
1311,Like a Bird,5-Star,Event
1312,On The Mysterious Wandering Island,4-Star,MaxBond
1313,Self-Portrait At Chaldea,4-Star,MaxBond
1314,Take Romance,5-Star,Misc
1315,Charm of Love,5-Star,Non-Limited
1316,Monarch's Temperament,4-Star,Non-Limited
1317,God's Tongue,3-Star,Friend
1318,"And Finally, At Mount ?e",4-Star,ETC
1319,Vindication,4-Star,MaxBond
1320,Tale of the Beginning and the End,4-Star,MaxBond
1321,Gentle Steps,4-Star,Misc
1322,Prayer towards the Night Sky,4-Star,Misc
1323,Occasional Amusement,4-Star,Misc
1324,Having a Light Lunch,4-Star,Misc
1325,Moonlight Ball,4-Star,Misc
1326,Sword of Gods,4-Star,MaxBond
1327,Twinkle Star,5-Star,Limited
1328,Red Box,4-Star,Limited
1329,Freeze Frame,3-Star,Limited
1330,Cherry Icicle,5-Star,Event
1331,Natural Dam Boundary,4-Star,MaxBond
1332,Christmas Belt,4-Star,MaxBond
1333,Springtime Koto Strings,5-Star,Limited
1334,Fortune Comes to the Kotatsu Surrounded by Laughter,4-Star,Limited
1335,Brave One,3-Star,Misc
1336,Kemari Is Fun Too,4-Star,Event
1337,Craft Essence EXP Card: Rodeo,4-Star,Misc
1338,Continuation of what Happens After,4-Star,MaxBond
1339,Perfect New Year,4-Star,Misc
1340,Winter Caravan Online,4-Star,Misc
1341,One-Inch Princess,5-Star,Limited
1342,Zen Miniature Garden,4-Star,Limited
1343,Taking a Seat,3-Star,Limited
1344,Stitching for Your Beloved One,5-Star,Event
1345,Azamaru,4-Star,MaxBond
1346,Kiichi's Takageta,4-Star,MaxBond
1347,Fate/Grand Order Memories III,4-Star,Misc
1348,Cook's Heart,5-Star,Limited
1349,Bitter Jewel,4-Star,Limited
1350,Dear Friend,3-Star,Limited
1351,White Garden,5-Star,Event
1352,Singin' In The Spring,4-Star,MaxBond
1353,The Outlook of Only Those Who Have Experienced Adventure,4-Star,Event
1354,Gemini Sweets,4-Star,Event
1355,Saint Elmo's Fire,4-Star,Event
1356,Slightly Burnt Croissants,4-Star,Event
1357,Magnus Lupus,4-Star,Event
1358,Chaldea Portrait,4-Star,Event
1359,Jurassic Chocolate,4-Star,Event
1360,Normal Friend's Chocolate,4-Star,Event
1361,First Valentine,4-Star,Event
1362,One Summer's Mirage Set,4-Star,Event
1363,Spread ? Rainbow!,4-Star,Event
1364,Valkyrie's Wedding,4-Star,Event
1365,Obligation Chocolate to Report Her Happiness,4-Star,Event
1366,Starry Night,4-Star,Event
1367,Nourishment Brand Jelly,4-Star,Event
1368,Library Ice Cream,4-Star,Event
1369,Himiko of the Light Chocolate,4-Star,Event
1370,A Bowl at Midnight,4-Star,Event
1371,Wooden Shrike Sculpture,4-Star,Event
1372,Gogh's (Attempted) Chocolate Marinade,4-Star,Event
1373,Memories,4-Star,Event
1374,D?man's Talisman,4-Star,Event
1375,Oni Chocolate Set,4-Star,Event
1376,Devils Food Cake,4-Star,Event
1377,The Sealed Best Delicacy,4-Star,Event
1378,Champion Trophy,4-Star,Event
1379,Artisan's Mochi,4-Star,Event
1380,Genpei's Rice Cracker,4-Star,Event
1381,Open and Be Surprised by Tengu Chocolate,4-Star,Event
1382,Heavenly Heart,4-Star,Event
1383,Chaldea Spring Holiday,4-Star,Event
1384,Beyond The Rain Cloud,5-Star,Misc
1385,Flower and Cafe,5-Star,Limited
1386,Club Argonauts,5-Star,Limited
1387,Detective Edmond ~Resurrected Nightmare Arc~,4-Star,Limited
1388,Round on Ice,4-Star,Limited
1389,Night Parade of One Hundred Demons,4-Star,Limited
1390,Chaldea Eleven,3-Star,Limited
1391,Supreme Academy,3-Star,Limited
1392,Splat-Gun,3-Star,Limited
1393,Infinity Dream,3-Star,Limited
1394,City where Dreams are Born,5-Star,Limited
1395,Junk Shop,4-Star,Limited
1396,Hào Ch??,3-Star,Limited
1397,The Unmanipulatable Ones,5-Star,Event
1398,Memory of Cyprus,4-Star,MaxBond
1399,Flower Sunshine,5-Star,Limited
1400,Chaldea Stars,4-Star,Limited
1401,Camelot Lesson,3-Star,Limited
1402,Blossoming Under the Crimson Sky,5-Star,Event
1403,"My Aspiration, With You",4-Star,MaxBond
1404,My Galaxy DEMO Tape,4-Star,MaxBond
1405,Hand in Hand,4-Star,Misc
1406,Make a Toast,4-Star,Misc
1407,Celebration Bouquet,4-Star,Misc
1408,Appreciation,4-Star,Misc
1409,Fate/Grand Carnival 1st Season,4-Star,Misc
1410,Beyond the Night Without the Snow Flower,5-Star,Misc
1411,The Lone Bearer,5-Star,Non-Limited
1412,Jewel Magic Bullet,4-Star,Non-Limited
1413,Imaginary Number Attribute,4-Star,Non-Limited
1414,Vessel of Desires,4-Star,Non-Limited
1415,The Have-Nots,3-Star,Friend
1416,At the Furthest Ends,4-Star,MaxBond
1417,Stomach Destroyer,4-Star,MaxBond
1418,Awkward Gratification,4-Star,MaxBond
1419,Aurora,4-Star,MaxBond
1420,Holy Lance Longinus,4-Star,MaxBond
1421,Heroic Spirit Tour: A?vatth?man,4-Star,Heroic_Spirit
1422,Heroic Spirit Tour: Astolfo,4-Star,Heroic_Spirit
1423,Heroic Spirit Tour: Ushiwakamaru,4-Star,Heroic_Spirit
1424,Heroic Spirit Tour: Sait? Hajime,4-Star,Heroic_Spirit
1425,Heroic Spirit Tour: Dioscuri,4-Star,Heroic_Spirit
1426,Heroic Spirit Tour: Voyager,4-Star,Heroic_Spirit
1427,Heroic Spirit Tour: Ashiya D?man,4-Star,Heroic_Spirit
1428,Heroic Spirit Tour: Abigail Williams,4-Star,Heroic_Spirit
1429,Heroic Spirit Tour: Van Gogh,4-Star,Heroic_Spirit
1430,Heroic Spirit Tour: Oda Nobukatsu,4-Star,Heroic_Spirit
1431,Heroic Spirit Tour: Kama,4-Star,Heroic_Spirit
1432,Heroic Spirit Tour: Nitocris,4-Star,Heroic_Spirit
1433,Heroic Spirit Tour: Jason,4-Star,Heroic_Spirit
1434,Heroic Spirit Tour: Ishtar,4-Star,Heroic_Spirit
1435,Heroic Spirit Tour: Helena Blavatsky,4-Star,Heroic_Spirit
1436,Heroic Spirit Tour: Jaguar Man,4-Star,Heroic_Spirit
1437,Heroic Spirit Tour: Mysterious Idol X,4-Star,Heroic_Spirit
1438,Heroic Spirit Tour: Mysterious Alter Ego ?,4-Star,Heroic_Spirit
1439,Final Singularity - The Grand Temple of Time: Solomon,4-Star,Misc
1440,Heroic Spirit Tour: Carmilla,4-Star,Heroic_Spirit
1441,Heroic Spirit Tour: James Moriarty,4-Star,Heroic_Spirit
1442,Heroic Spirit Tour: Queen Medb,4-Star,Heroic_Spirit
1443,Heroic Spirit Tour: Beni-Enma,4-Star,Heroic_Spirit
1444,Heroic Spirit Tour: Miss Crane,4-Star,Heroic_Spirit
1445,Heroic Spirit Tour: Yang Guifei,4-Star,Heroic_Spirit
1446,Heroic Spirit Tour: Asclepius,4-Star,Heroic_Spirit
1447,Heroic Spirit Tour: Amadeus,4-Star,Heroic_Spirit
1448,Heroic Spirit Tour: Artoria Caster,4-Star,Heroic_Spirit
1449,Heroic Spirit Tour: Artoria Pendragon,4-Star,Heroic_Spirit
1450,Heroic Spirit Tour: Vritra,4-Star,Heroic_Spirit
1451,Heroic Spirit Tour: Scáthach-Skaði,4-Star,Heroic_Spirit
1452,Heroic Spirit Tour: Bartholomew Roberts,4-Star,Heroic_Spirit
1453,Heroic Spirit Tour: Himiko,4-Star,Heroic_Spirit
1454,Heroic Spirit Tour: Watanabe no Tsuna,4-Star,Heroic_Spirit
1455,Heroic Spirit Tour: Gareth,4-Star,Heroic_Spirit
1456,Heroic Spirit Tour: Xuanzang Sanzang,4-Star,Heroic_Spirit
1457,Heroic Spirit Tour: Senji Muramasa,4-Star,Heroic_Spirit
1458,Wizard Marshal,5-Star,Non-Limited
1459,Summer Anniversary,5-Star,Limited
1460,Reading Holiday,4-Star,Limited
1461,Gof Special,3-Star,Limited
1462,Ambition of Koyanskaya ?East Coast Edition?,4-Star,MaxBond
1463,Gloucester in 2018,4-Star,ETC
1464,The Promise After 2400 Years,4-Star,MaxBond
1465,A Pavane for the Deceased Princess,4-Star,MaxBond
1466,Torchbearing Girl,4-Star,Misc
1467,Into the Ethereal Veil,5-Star,Misc
1468,Angel Heart,5-Star,EventLimited
1469,Pinky Beach,4-Star,EventLimited
1470,Pirates of the Jungle,3-Star,EventLimited
1471,Treasure of the Caribbean,5-Star,EventLimited
1472,Golden Path,4-Star,EventLimited
1473,At the Street Corner of the Decorating Sea,3-Star,EventLimited
1474,Ocean Flyer,5-Star,Event
1475,Sink Deeper,5-Star,Event
1476,At the Corner of the Eternal Void,4-Star,MaxBond
1477,"Summer, Ice Cream, and Viy",4-Star,MaxBond
1478,Illusion for You,4-Star,MaxBond
1479,Summer Adventure Memory,4-Star,MaxBond
1480,Summer's Corruption Set,4-Star,MaxBond
1481,The Great Sea Serpent,4-Star,MaxBond
1482,Elegant Thing 2021,4-Star,MaxBond
1483,Moonlit Night's Free-For-All,4-Star,Misc
1484,Fate/Grand Carnival 2nd Season,4-Star,Misc
1485,Crystallization of Winter,4-Star,Non-Limited
1486,White Maiden of Silver Flowers,5-Star,Limited
1487,Small Cat's Rondo,4-Star,Limited
1488,Protagonista,3-Star,Limited
1489,Jade Hairpin,5-Star,Event
1490,Tiny Dressmaker,5-Star,Event
1491,Bare Kings,5-Star,Event
1492,Amulet from the Depths of the Dark Forest,4-Star,MaxBond
1493,Golden Shackles,4-Star,MaxBond
1494,Glass Slippers that Never Rest,4-Star,MaxBond
1495,Blazing Adversities,5-Star,Limited
1496,Love Chaos,4-Star,Limited
1497,Those Eyes Let None Get Away,3-Star,Limited
1498,Geisha Dancing with Flowers,5-Star,Event
1499,Craft Essence EXP Card: Okuni Theatre Chaldea's Performance,4-Star,Misc
1500,Craft Essence EXP Card: Mysterious Ranmaru X Coming In!,3-Star,Misc
1501,God's Remains,4-Star,MaxBond
1502,May the Stars be Aligned,4-Star,MaxBond
1503,An Incident at a Certain Sea,4-Star,MaxBond
1504,Seeking the End of Eternity,5-Star,Misc
1505,Holy Heart,5-Star,Limited
1506,Thousand Nights,4-Star,Limited
1507,Wish Come True,3-Star,Limited
1508,Like a Lady,5-Star,Event
1509,The Sky that I Looked Up At...,4-Star,MaxBond
1510,Chaldea Satellite Station,4-Star,Misc
1511,Saintess of the Winter,5-Star,Non-Limited
1512,Garden Caretakers,4-Star,Non-Limited
1513,Homurahara Academy Student Council President,3-Star,Non-Limited
1514,Empty Garden,5-Star,Limited
1515,Turning of Tides,4-Star,Limited
1516,Street of Eternal Slumber,3-Star,Limited
1517,Gods-Smiting Whip,4-Star,MaxBond
1518,Zmei Gorynych,4-Star,MaxBond
1519,First Drawing,5-Star,Limited
1520,With All My Heart,4-Star,Limited
1521,Maximum Overdrive,3-Star,Misc
1522,Craft Essence EXP Card: Life of Olga,4-Star,Misc
1523,Ambition of Koyanskaya ?Eurasia Edition?,4-Star,MaxBond
1524,Lion Cub Dance,4-Star,Event
1525,Let's Go for Hatsum?de,4-Star,Misc
1526,What Was Entrusted to Her,4-Star,MaxBond
1527,Inexhaustible Pile of Dust,4-Star,ETC
1528,Valentine Witches,5-Star,Limited
1529,Melty Love,4-Star,Limited
1530,Hot Chocolatl,3-Star,Limited
1531,Thank You for Your Hard Work!,5-Star,Event
1532,Enbarr,4-Star,MaxBond
1533,Title: Self Sculpture using Chocolate ver.2,4-Star,Event
1534,"Crane, Chocolat, and Warmth",4-Star,Event
1535,Galaxy for Two,4-Star,Event
1536,The Tale of Camelot,4-Star,Event
1537,Bite-Sized Chocolate Mountain,4-Star,Event
1538,Dancing Red Pile,4-Star,Event
1539,Robust Dragon Heart,4-Star,Event
1540,Beautiful Yet Short-Lived Flower,4-Star,Event
1541,Pink Pistol Chocolate,4-Star,Event
1542,Habenyan Hat,4-Star,Event
1543,Void's Dust,4-Star,Event
1544,Friendly Rengoku Chocolate,4-Star,Event
1545,Ultra Solid Ice Chocolate,4-Star,Event
1546,White Pigeon,4-Star,Event
1547,Chaldea Summer Order,4-Star,Event
1548,Horrible Demon King's Chocolate,4-Star,Event
1549,Fresh Fishes Set,4-Star,Event
1550,Honey Willow Toast,4-Star,Event
1551,The Tragicomedy of the Templar Order,4-Star,Event
1552,Dates Chocolate,4-Star,Event
1553,Halloween Party Night!,4-Star,Event
1554,Izumo Pipe Chocolate,4-Star,Event
1555,Mysterious Ranmaru Chocolate X,4-Star,Event
1556,White Oath,4-Star,Event
1557,Stollen!,4-Star,Event
1558,Perfect Fishing Spot,4-Star,Event
1559,Damascus Steel Dagger,4-Star,Event
1560,NFF Extra,4-Star,Event
1561,King's Sculpture Chocolate,4-Star,Event
1562,Bazenan-Style Sweets for Valentine,4-Star,Event
1563,Chaldea Petit Ange,4-Star,Event
1564,Baleful Bone Mound,4-Star,ETC
1565,The Wolf's Story,5-Star,Misc
1566,One Night's Dream,5-Star,Limited
1567,Water Gun Battle,5-Star,Limited
1568,Detective Edmond ~The Final Case~,4-Star,Limited
1569,Buddy Cop,4-Star,Limited
1570,Chance Meeting Under the Moon,4-Star,Limited
1571,Chaldea Express,3-Star,Limited
1572,Ultimate Harmony,3-Star,Limited
1573,Chaldea Delinquent Gang,3-Star,Limited
1574,Power Shot,3-Star,Limited
1575,Phantasmal Princess,5-Star,Non-Limited
1576,Paradise of Flowers,4-Star,Non-Limited
1577,Illusionary Confessional,4-Star,Non-Limited
1578,Galaxy Keraunos,5-Star,Limited
1579,Doc Kykeon,4-Star,Limited
1580,Secret Company Assassin,3-Star,Limited
1581,Check Ready,5-Star,Event
1582,Cosmo Chaldea High School,5-Star,Event
1583,Maw of a Barbaric Dragon,4-Star,ETC
1584,Goddess of the Netherworld,5-Star,Limited
1585,Eye of the Tiger,4-Star,Limited
1586,World Excursion,3-Star,Limited
1587,The Star's Holiday,5-Star,Event
1588,The Baby Elephants,4-Star,MaxBond
1589,The Awakening,4-Star,MaxBond
1590,Record of Heroes,4-Star,ETC
1591,Crystal Cavity of Red Soil,4-Star,ETC
1592,Learn Even More with Manga! FGO,4-Star,Misc
1593,Adventures in the Children Kingdom,5-Star,Limited
1594,Jurassic Dream,4-Star,Limited
1595,Pleasure Hunt,3-Star,Limited
1596,Cranking,5-Star,Event
1597,Craft Essence EXP Card: S Bunyan Advent,4-Star,Misc
1598,Craft Essence EXP Card: Daikokuten & Anning Advent,3-Star,Misc
1599,The Great Mystery,4-Star,MaxBond
1600,When We Were Animals,4-Star,MaxBond
1601,Birthplace,4-Star,MaxBond
1602,All Fades to Dust,4-Star,MaxBond
1603,Sandtop Cloister of Shells,4-Star,ETC
1604,Heaven-Blessed Tailfeathers,4-Star,ETC
1605,Rising Against the Azure Sky,5-Star,Misc
1606,Average One: Wielder of Five Great Elements,5-Star,Non-Limited
1607,Projection Loading,4-Star,Non-Limited
1608,Yearning for Succession,4-Star,Non-Limited
1609,Transmutation Magecraft,4-Star,Non-Limited
1610,Unwithering Flower,3-Star,Non-Limited
1611,Keep a Prayer Burning in Your Heart,4-Star,ETC
1612,"A King's Blade, A Hero's Blade",4-Star,MaxBond
1613,Baring It All,4-Star,MaxBond
1614,Something I Could Not Care Less about,4-Star,MaxBond
1615,Logical Malignant,4-Star,MaxBond
1616,The Lovely Princess and the Faithful Knight,4-Star,MaxBond
1617,Yellow Turban,4-Star,MaxBond
1618,Forbidden Bookshelf,4-Star,ETC
1619,Perpetual Rotating Mechanism,4-Star,ETC
1620,Mt. Fuji Pilgrimage,5-Star,Limited
1621,Fortress of the Swords,4-Star,Limited
1622,Brave Warriors of the Prairie,3-Star,Limited
1623,Heart Breaker,5-Star,Event
1624,Nans? Satomi Hakkenden,4-Star,MaxBond
1625,A Single Blow to Fell a Ship,4-Star,MaxBond
1626,Heroic Spirit Dream Portrait: Red Hare,4-Star,Heroic_Spirit
1627,Heroic Spirit Dream Portrait: Percival,4-Star,Heroic_Spirit
1628,Heroic Spirit Dream Portrait: Charlotte Corday,4-Star,Heroic_Spirit
1629,Heroic Spirit Dream Portrait: Mandricardo,4-Star,Heroic_Spirit
1630,Heroic Spirit Dream Portrait: Mélusine,4-Star,Heroic_Spirit
1631,Heroic Spirit Dream Portrait: James Moriarty,4-Star,Heroic_Spirit
1632,Heroic Spirit Dream Portrait: Arjuna,4-Star,Heroic_Spirit
1633,Heroic Spirit Dream Portrait: Barghest,4-Star,Heroic_Spirit
1634,Heroic Spirit Dream Portrait: Leonardo Da Vinci,4-Star,Heroic_Spirit
1635,Heroic Spirit Dream Portrait: Baobhan Sith,4-Star,Heroic_Spirit
1636,Heroic Spirit Dream Portrait: Anastasia & Viy,4-Star,Heroic_Spirit
1637,Heroic Spirit Dream Portrait: Dobrynya Nikitich,4-Star,Heroic_Spirit
1638,Heroic Spirit Dream Portrait: Kriemhild,4-Star,Heroic_Spirit
1639,Heroic Spirit Dream Portrait: Taigong Wang,4-Star,Heroic_Spirit
1640,Heroic Spirit Dream Portrait: Kyokutei Bakin,4-Star,Heroic_Spirit
1641,Heroic Spirit Dream Portrait: Kama,4-Star,Heroic_Spirit
1642,Heroic Spirit Dream Portrait: Mysterious Ranmaru X,4-Star,Heroic_Spirit
1643,Heroic Spirit Dream Portrait: Demon King Nobunaga,4-Star,Heroic_Spirit
1644,Heroic Spirit Dream Portrait: Cú Chulainn,4-Star,Heroic_Spirit
1645,Heroic Spirit Dream Portrait: Mashu Kyrielight,4-Star,Heroic_Spirit
1646,Heroic Spirit Dream Portrait: Hijikata Toshiz?,4-Star,Heroic_Spirit
1647,Heroic Spirit Dream Portrait: Artoria Pendragon,4-Star,Heroic_Spirit
1648,Heroic Spirit Dream Portrait: Super Bunyan,4-Star,Heroic_Spirit
1649,Heroic Spirit Dream Portrait: Jacques de Molay,4-Star,Heroic_Spirit
1650,Heroic Spirit Dream Portrait: Zenobia,4-Star,Heroic_Spirit
1651,Heroic Spirit Dream Portrait: Columbus,4-Star,Heroic_Spirit
1652,Heroic Spirit Dream Portrait: Katsushika Hokusai,4-Star,Heroic_Spirit
1653,Heroic Spirit Dream Portrait: Sima Yi,4-Star,Heroic_Spirit
1654,Heroic Spirit Dream Portrait: Billy the Kid,4-Star,Heroic_Spirit
1655,Heroic Spirit Dream Portrait: Shinmen Musashi no Kami Fujiwara no Harunobu,4-Star,Heroic_Spirit
1656,Heroic Spirit Dream Portrait: Arash,4-Star,Heroic_Spirit
1657,Heroic Spirit Dream Portrait: Merlin,4-Star,Heroic_Spirit
1658,Heroic Spirit Dream Portrait: Sait? Hajime,4-Star,Heroic_Spirit
1659,Heroic Spirit Dream Portrait: Space Ishtar,4-Star,Heroic_Spirit
1660,Heroic Spirit Dream Portrait: Okada Iz?,4-Star,Heroic_Spirit
1661,Heroic Spirit Dream Portrait: Siegfried,4-Star,Heroic_Spirit
1662,Heroic Spirit Dream Portrait: Okita S?ji,4-Star,Heroic_Spirit
1663,Heroic Spirit Dream Portrait: Mochizuki Chiyome,4-Star,Heroic_Spirit
1664,Crucible of Bloody Tears,4-Star,ETC
1665,Atelier of Scarlet Medulla,4-Star,ETC
1666,A',5-Star,Limited
1667,Inspire,4-Star,Limited
1668,Re-Travel,3-Star,Limited
1669,Celestial King,5-Star,Non-Limited
1670,The Hunter's Dream,4-Star,Non-Limited
1671,Moon Margaret,4-Star,MaxBond
1672,No Time to Die,4-Star,MaxBond
1673,Twin Tail,5-Star,Limited
1674,Cruising Date,4-Star,Limited
1675,Jiangshi Attack,3-Star,Limited
1676,Infinity Blue,5-Star,Limited
1677,Upcoming Anglers,4-Star,Limited
1678,Hello! Arctic,3-Star,Limited
1679,Ice Warrior,5-Star,Event
1680,Fist of Hail,5-Star,Event
1681,"The Pure White I Saw, in That Summer",4-Star,MaxBond
1682,Red Sword,4-Star,MaxBond
1683,Summer Power Pomp Poms,4-Star,MaxBond
1684,Erice-land Official Plushies,4-Star,MaxBond
1685,The Silent Tears of Enchromia,4-Star,MaxBond
1686,Taoist Empress' Summer Vacation,4-Star,MaxBond
1687,The Last Weapon,4-Star,MaxBond
1688,SAM66,4-Star,MaxBond
1689,Warmaidens' Provisions,4-Star,MaxBond
1690,TYPE LUMINA,4-Star,Misc
1691,Rising Mud Rain,5-Star,Non-Limited
1692,Menkyo Kaiden,4-Star,Non-Limited
1693,Before the Daybreak,5-Star,Misc
1694,Chain-Sealed Jail of the Foolish King,4-Star,ETC
1695,Palisade Garden of Lamentation,4-Star,ETC
1696,Resentment From the Underworld,5-Star,Limited
1697,It's Not Here,4-Star,Limited
1698,Result of the Soil,3-Star,Limited
1699,Welcoming a Journey,5-Star,Event
1700,Craft Essence EXP Card: Tea Ceremony Teacher,4-Star,Misc
1701,Craft Essence EXP Card: Iyo the Junior!,3-Star,Misc
1702,"Like Water, Like Flowers",4-Star,MaxBond
1703,Forward,4-Star,MaxBond
1704,The Black Magatama,4-Star,MaxBond
1705,Buds of Yggdrasil,4-Star,ETC
1706,Stone Mausoleum of Deadly Venom,4-Star,ETC
1707,Spare the Idle Talk,5-Star,Limited
1708,Lake Shore Heavenly Nymphs,4-Star,Limited
1709,Hoeing with Sword,3-Star,Limited
1710,Dancing on Lotus Blossom,5-Star,Event
1711,Tiger-Hunting Ascetics,5-Star,Event
1712,Flowing Pool of Wine,5-Star,Event
1713,Heavenly Realm Ritual Service,4-Star,MaxBond
1714,Golden-Eyed Divine Warbler,4-Star,MaxBond
1715,Nine-Section Staff Shi Jin-Kun,4-Star,MaxBond
1716,Nest of Fierce Dragons,4-Star,ETC
1717,Greatsword of Meritorious Service,4-Star,ETC
1718,Apex,5-Star,Limited
1719,Road to Star,4-Star,Event
1720,Muscle Bullet,3-Star,Event
1721,Count Stretch,5-Star,Event
1722,Commentator of Flowers,5-Star,Event
1723,Scarlet Dress,4-Star,MaxBond
1724,Pseudo-Deity Statue of a Foreign Cult,4-Star,ETC
1725,Mark of the Heavenly Meteor,4-Star,ETC
1726,Dream Closet,5-Star,Misc
1727,Pure-Hearted Escutcheon,4-Star,Misc
1728,Eternal Vengeance,4-Star,Misc
1729,Flawless Warrior,4-Star,Misc
1730,Shining Rose Bouquet,4-Star,Misc
1731,Moon Fragment,4-Star,Misc
1732,Winter Party,4-Star,Misc
1733,Snake-Protected Treasury,4-Star,ETC
1734,Strenuous Charge of Gunpowder,4-Star,ETC
1735,The Sacred Snow That Can Bloom,5-Star,Limited
1736,First Sale,4-Star,Limited
1737,Curse of the Rabbitfolk,3-Star,Misc
1738,Love It,4-Star,Event
1739,Craft Essence EXP Card: The Rabbit that Only I Can See,4-Star,Misc
1740,Undefeatable One,4-Star,MaxBond
1741,At Least Get Some Rest During New Year,4-Star,Misc
1742,Ammit,4-Star,MaxBond
1743,Soul-Festered Mansion,4-Star,ETC
1744,Forest of Emergence,5-Star,Non-Limited
1745,Enforcer's Last Supper,4-Star,Non-Limited
1746,Ehre-Gandr,4-Star,Non-Limited
1747,I Only Believe in the God I Worship,3-Star,Non-Limited
1748,On that Night From a Long Time Ago,4-Star,ETC
1749,Mask of Warriors,4-Star,MaxBond
1750,Aztlán My Home,4-Star,MaxBond
1751,My First Gift,4-Star,MaxBond
1752,Winds of Spring,5-Star,Limited
1753,Love Delusion,4-Star,Limited
1754,Sleeping Eliza,3-Star,Limited
1755,The Cute Girl Seated Behind Me,5-Star,Event
1756,"My Thoughts, My Records",4-Star,MaxBond
1757,Lotus Seed Chè & Choco That Wasn't Supposed to be Given,4-Star,Event
1758,Let's Bask in the Sun Together,4-Star,Event
1759,Super Bunyan Meal,4-Star,Event
1760,Gift from Daikokuten (Digestive Medicine),4-Star,Event
1761,Handmade Ichthyo-Choco,4-Star,Event
1762,Emperor's Surcoat+,4-Star,Event
1763,Something that Happened Instantly,4-Star,Event
1764,What a Knight Ought to be,4-Star,Event
1765,Sincere Chocolate (with Sermon Attached),4-Star,Event
1766,Your Scholarship Certification,4-Star,Event
1767,Windmill Choco and Appendices of Don Quixote,4-Star,Event
1768,Stylish Deep Crimson? Necktie,4-Star,Event
1769,Water Manj? of Eight Virtues,4-Star,Event
1770,Mini Tametomo with Smartphone-Transformation Feature,4-Star,Event
1771,Half-Moon Half-Earth,4-Star,Event
1772,Still in Joint Production!,4-Star,Event
1773,Sweet Bouquet Avalon,4-Star,Event
1774,Icy-Cold Sports Drink,4-Star,Event
1775,Junmai Daiginj? Ibuki,4-Star,Event
1776,Planetary Donuts,4-Star,Event
1777,Blue Luluhawa-Flavoured Shaved Ice,4-Star,Event
1778,Jiangshi-Beneficial Choco-Mochi,4-Star,Event
1779,Choco Bullet,4-Star,Event
1780,Choco Pineapple,4-Star,Event
1781,Choco Missile,4-Star,Event
1782,Like a Wild Flower,4-Star,Event
1783,Brush and Inkstone,4-Star,Event
1784,Acorn Choco,4-Star,Event
1785,Chocolate with Whisper-Voice,4-Star,Event
1786,Mantle of the Huang Clan,4-Star,Event
1787,Crayon Choco and Doodle,4-Star,Event
1788,Chocolat Faerie Kingdom,4-Star,Event
1789,Beginning of Time,4-Star,Event
1790,I Wonder What This Is?,4-Star,Event
1791,One Glassful of Paradise,4-Star,Event
1792,Hummingbird for a Secret Chamber,4-Star,Event
1793,Orbit Radiance Thing,4-Star,Event
1794,Shining Johanna Choco,4-Star,Event
1795,Chaldea Petit Four,4-Star,Event
1796,Cradle of Infants,4-Star,ETC
1797,Man of Chaldea,5-Star,Misc
1798,Three In The Black,5-Star,Limited
1799,Eternal Roma,5-Star,Limited
1800,Proof and Rebuttal,4-Star,Limited
1801,Professor's Lunchtime,4-Star,Limited
1802,Brilliant Springtime,4-Star,Limited
1803,For Your Letters,3-Star,Limited
1804,All The Way Bang,3-Star,Limited
1805,Withered with an Interesting Evening Discussion,3-Star,Limited
1806,Illuminating the Veil of Darkness,3-Star,Limited
1807,After Waking Up Late in the Morning,4-Star,MaxBond
1808,Bloom in Spring,4-Star,Event
1809,Great Mother,5-Star,Limited
1810,Mushrooming,4-Star,Limited
1811,Service Games,3-Star,Limited
1812,U FOU Catcher,4-Star,Event
1813,Chaldea Fighter,4-Star,Event
1814,Opera in Arcade,4-Star,Event
1815,Run Alter Run!,4-Star,Event
1816,Recurrence,4-Star,MaxBond
1817,Song of the Cradle,5-Star,Event
1818,Aestus Estus: Terminus Fire,4-Star,MaxBond
1819,Food Offering for the Gods,4-Star,MaxBond
1820,Growling Puppy,4-Star,MaxBond
1821,Princess of Fine Clothes,5-Star,Limited
1822,Shamanic Eight-Stones Leap,4-Star,Limited
1823,Gimmick Master,3-Star,Limited
1824,Manor of Repose,5-Star,Event
1825,Winner's Eye,5-Star,Event
1826,Inspiration When I Close My Eyes,4-Star,MaxBond
1827,Talisman of Razing Disaster,4-Star,Misc
1828,Twilight Meditation,5-Star,Misc
1829,Elevator of Penitence,5-Star,Non-Limited
1830,Labyrinth of the Last Flowers in Bloom,5-Star,Non-Limited
1831,Dreams of the Crimson Illegitimate Daughter,4-Star,Non-Limited
1832,It's Only A Paper Moon,4-Star,Non-Limited
1833,Pandavas' Cleaver,4-Star,MaxBond
1834,Shakuni's Dice,4-Star,MaxBond
1835,Valiant Divine Beast,4-Star,MaxBond
1836,Spirit Tree's Perennial Root,4-Star,Misc
1837,strange Fake,4-Star,Event
1838,Sweat Blood,5-Star,Limited
1839,Flower of the Sun,4-Star,Limited
1840,Be Shelved,3-Star,Limited
1841,Artisanal Soul,5-Star,Event
1842,Monstrous Golden Blade,4-Star,MaxBond
1843,Heroic Spirit Event Attire: Achilles,4-Star,Heroic_Spirit
1844,Heroic Spirit Event Attire: Ashiya D?man,4-Star,Heroic_Spirit
1845,Heroic Spirit Event Attire: Asclepius,4-Star,Heroic_Spirit
1846,Heroic Spirit Event Attire: Abigail Williams,4-Star,Heroic_Spirit
1847,Heroic Spirit Event Attire: Ibuki D?ji,4-Star,Heroic_Spirit
1848,Heroic Spirit Event Attire: Ereshkigal,4-Star,Heroic_Spirit
1849,Heroic Spirit Event Attire: Okada Iz?,4-Star,Heroic_Spirit
1850,Heroic Spirit Event Attire: Popess Johanna,4-Star,Heroic_Spirit
1851,Heroic Spirit Event Attire: Kama,4-Star,Heroic_Spirit
1852,Heroic Spirit Event Attire: Circe,4-Star,Heroic_Spirit
1853,Heroic Spirit Event Attire: Cú Chulainn,4-Star,Heroic_Spirit
1854,Heroic Spirit Event Attire: Kukulkan,4-Star,Heroic_Spirit
1855,Heroic Spirit Event Attire: Gray,4-Star,Heroic_Spirit
1856,Heroic Spirit Event Attire: Constantine XI,4-Star,Heroic_Spirit
1857,Heroic Spirit Event Attire: Sait? Hajime,4-Star,Heroic_Spirit
1858,Heroic Spirit Event Attire: Sakamoto Ry?ma,4-Star,Heroic_Spirit
1859,Heroic Spirit Event Attire: Salome,4-Star,Heroic_Spirit
1860,Heroic Spirit Event Attire: Shi Huang Di,4-Star,Heroic_Spirit
1861,Heroic Spirit Event Attire: Charlemagne,4-Star,Heroic_Spirit
1862,Heroic Spirit Event Attire: Jeanne d'Arc,4-Star,Heroic_Spirit
1863,Heroic Spirit Event Attire: Xu Fu,4-Star,Heroic_Spirit
1864,Heroic Spirit Event Attire: Scáthach,4-Star,Heroic_Spirit
1865,Heroic Spirit Event Attire: Sei Sh?nagon,4-Star,Heroic_Spirit
1866,Heroic Spirit Event Attire: Sétanta,4-Star,Heroic_Spirit
1867,Heroic Spirit Event Attire: Taigong Wang,4-Star,Heroic_Spirit
1868,Heroic Spirit Event Attire: Taisui Xingjun,4-Star,Heroic_Spirit
1869,Heroic Spirit Event Attire: Taira no Kagekiyo,4-Star,Heroic_Spirit
1870,Heroic Spirit Event Attire: Takasugi Shinsaku,4-Star,Heroic_Spirit
1871,Heroic Spirit Event Attire: Tiamat,4-Star,Heroic_Spirit
1872,Heroic Spirit Event Attire: Tenochtitlan,4-Star,Heroic_Spirit
1873,Heroic Spirit Event Attire: Tomoe Gozen,4-Star,Heroic_Spirit
1874,Heroic Spirit Event Attire: Draco,4-Star,Heroic_Spirit
1875,Heroic Spirit Event Attire: Nezha,4-Star,Heroic_Spirit
1876,Heroic Spirit Event Attire: Nitocris,4-Star,Heroic_Spirit
1877,Heroic Spirit Event Attire: Bhima,4-Star,Heroic_Spirit
1878,Heroic Spirit Event Attire: Frankenstein,4-Star,Heroic_Spirit
1879,Heroic Spirit Event Attire: Beni-Enma,4-Star,Heroic_Spirit
1880,Heroic Spirit Event Attire: Manannán mac Lir,4-Star,Heroic_Spirit
1881,Heroic Spirit Event Attire: Mordred,4-Star,Heroic_Spirit
1882,Heroic Spirit Event Attire: Yamanami Keisuke,4-Star,Heroic_Spirit
1883,Heroic Spirit Event Attire: Yang Guifei,4-Star,Heroic_Spirit
1884,Heroic Spirit Event Attire: Lanling Wang,4-Star,Heroic_Spirit
1885,Heroic Spirit Event Attire: Lady Avalon,4-Star,Heroic_Spirit
1886,Heroic Spirit Event Attire: Locusta,4-Star,Heroic_Spirit
1887,The Celebration Party Never Stops,4-Star,Event
1888,Chasmatis,5-Star,Limited
1889,Before Party,4-Star,Limited
1890,In a Corner of the Light,3-Star,Limited
1891,Sheep of Orleans,5-Star,Non-Limited
1892,Eight-Forged Bloodline,4-Star,Non-Limited
1893,One Summer Castle,4-Star,MaxBond
1894,Hold Me Tight for Each Rice that Comes By,4-Star,Event
1895,Dazzling Moon,5-Star,Limited
1896,Cactus City,4-Star,Limited
1897,Over the Rough Waves,3-Star,Limited
1898,Summer Break,5-Star,Limited
1899,Rounds' Beach,4-Star,Limited
1900,In Sickness and In Health,3-Star,Limited
1901,As Thin as a Narrow Strait,5-Star,Event
1902,The Ephemeral Ones,5-Star,Event
1903,2023 Year's......,4-Star,MaxBond
1904,Racing Through the Summer,4-Star,MaxBond
1905,"Treat me as a Friend Instead, Just For Today",4-Star,MaxBond
1906,Chaldea Gaming Binge - Let's Play with Ms. Artoria,4-Star,Event
1907,Artorian Mount Liang,4-Star,Event
1908,Phantasma: Mordred Photobook,4-Star,Event
1909,Tell Me! The Secrets of Health!,4-Star,Event
1910,Ecchan anko Photobook,4-Star,Event
1911,Once More at Salisbury,4-Star,MaxBond
1912,A Trophy Awarded to You,4-Star,MaxBond
1913,Recruiting for UDK Members,4-Star,MaxBond
1914,"""Gentle Rain in the Murky Forest""",4-Star,MaxBond
1915,Chaldea Gaming Binge,4-Star,Event
1916,Heartbeat Iron Clubs,4-Star,Event
1917,Super Doctor,4-Star,Event
1918,Kense Setsu Bish?nen Roku,4-Star,Event
1919,EVER DARK -Evernight Battlefront-,4-Star,Event
1920,Faerie Kingdom's Summer Vacation,4-Star,Event
1921,Southern Island's Festival,4-Star,Event
1922,President Ocean,5-Star,Misc
1923,Ref-rain,5-Star,Limited
1924,Smile Knight,4-Star,Limited
1925,Still in the Middle of the Trip,3-Star,Limited
1926,The Method to Walk on the Stars,5-Star,Event
1927,Wandjina-met,4-Star,MaxBond
1928,Samurai Remnant,4-Star,Event
1929,Bibliophilia,5-Star,Limited
1930,Day and Night,4-Star,Limited
1931,Your Adventure,3-Star,Limited
1932,Afterimage of a Sand Table,5-Star,Event
1933,Wax Tablet and Stylus,4-Star,MaxBond
1934,"Ready, Aim, Fire",4-Star,MaxBond
1935,Red Thread of Guidance,4-Star,MaxBond
1936,The Blank Man,4-Star,Non-Limited
1937,Natural Predator,4-Star,Non-Limited
1938,Foggy Scene,4-Star,Non-Limited
1939,Evocation Festival/Six,4-Star,Event
1940,Seaway Meteor Shower,5-Star,Event
1941,Northern Willow,4-Star,Limited
1942,Still a Long Way Until Mt. Fuji,3-Star,Limited
1943,How to Life,5-Star,Event
1944,Craft Essence EXP Card: Nice Gai,4-Star,Event
1945,Craft Essence EXP Card: Leave it to Saika,3-Star,Event
1946,Pride of Takeda,4-Star,MaxBond
1947,A Man's Will,4-Star,MaxBond
1948,The Soul Passed Down,4-Star,MaxBond
1949,From NFF with Love,5-Star,Misc
1950,Biten Becoming One with the Tachi,4-Star,MaxBond
1951,Octo Nautica,5-Star,Limited
1952,Comme un Sablier,4-Star,Limited
1953,A Very Precious Gift,3-Star,Limited
1954,Holy Blue,5-Star,Event
1955,Holy Run of 2023,4-Star,MaxBond
1956,Satellite Station 23-24,4-Star,Event
1957,Burning Prairie of Scarlet Fur,4-Star,Misc
1958,Goddesses' Fortune Slip,5-Star,Limited
1959,Crane Beginning to Blossom,4-Star,Limited
1960,Towards the Pacific Belt,3-Star,Limited
1961,Dragon Dance,4-Star,Event
1962,Craft Essence EXP Card: Osechi is Fine Too,4-Star,Event
1963,My Dearest Days,4-Star,MaxBond
1964,Faerie Kingdom's New Year Show,5-Star,Event
1965,Waxing Moon Ritual,4-Star,Event
1966,Woman of Niten Ichi-ry?,5-Star,Limited
1967,Met By Chance,4-Star,Limited
1968,Well-Matched,3-Star,Limited
1969,Dango Over Moon,5-Star,Limited
1970,Ox-King's Huge Divine Messenger,4-Star,MaxBond
1971,Hakut? Daish?,4-Star,MaxBond
1972,One Night at the Port,4-Star,MaxBond
,,,
,,,
,,,
,,,
,,,
,,,
,,,
,,,
,,,
,,,
,,,
,,,
,,,
,,,
,,,
,,,
